:020000022000DC
:1060000000000420C15303000154030003540300A3
:106010000554030007540300095403000000000066
:106020000000000000000000000000003D530300DD
:106030000D540300000000005D53030011540300E1
:10604000855503001354030013540300CD230300AC
:106050001354030013540300152F030013540300BB
:106060001354030013540300135403001354030088
:106070001354030013540300135403001354030078
:1060800013540300C15003001354030013540300BE
:106090001354030013540300135403001354030058
:1060A0001354030013540300135403001354030048
:1060B000135403001354030000000000000000000C
:1060C000135403001354030013540300715B0300C3
:1060D000135403001354030013540300C96C02004B
:1060E0001354030013540300135403000000000072
:1060F000000000001354030000000000E95B0300EF
:10610000000000000000000000000000000000008F
:10611000000000000000000000000000000000007F
:10612000000000000000000000000000000000006F
:10613000000000000000000000000000000000005F
:10614000000000000000000000000000000000004F
:10615000000000000000000000000000000000003F
:10616000000000000000000000000000000000002F
:10617000000000000000000000000000000000001F
:10618000000000000000000000000000000000000F
:1061900000000000000000000000000000000000FF
:1061A00000000000000000000000000000000000EF
:1061B00000000000000000000000000000000000DF
:1061C00000000000000000000000000000000000CF
:1061D00000000000000000000000000000000000BF
:1061E00000000000000000000000000000000000AF
:1061F000000000000000000000000000000000009F
:10620000F1EE103A43F08073E1EE103A704700BFB0
:1062100010B5054C237833B9044B13B10448AFF3E0
:1062200000800123237010BD2C63002000000000BB
:106230003C9E030008B5034B1BB103490348AFF371
:10624000008008BD00000000306300203C9E030079
:10625000154B002B08BF134B9D46A3F5803A002138
:106260008B460F461348144A121A11F085FB0F4B48
:10627000002B00D098470E4B002B00D098470020F1
:10628000002104000D000D48002802D00C48AFF397
:10629000008011F007FB200029000FF0E3F811F057
:1062A000EDFA00BF0000080000000420000000001C
:1062B000000000002C63002030850020000000005A
:1062C000000000000146014800F07ABA6463002033
:1062D00038B5064B1D783DB100242046013400F04E
:1062E00035FEE0B28542F9D838BD00BF60630020BA
:1062F000407DFF2806D010B500F074FD044618B1AB
:10630000204610BD002070470FF0EAFD204610BD6A
:10631000407DFF280ED000B583B00DF1070100F0DD
:10632000B5FD20B19DF8070003B05DF804FB4FF008
:10633000FF30F9E74FF0FF30704700BF407DFF2886
:1063400011D000B583B001220DF1070100F056FD18
:1063500020B94FF0FF3003B05DF804FB9DF8070053
:1063600003B05DF804FB4FF0FF307047407DFF281D
:1063700001D000F0EBBD7047407DFF2801D000F058
:106380002BBE0020704700BFF8B50646407DFF28B1
:106390001CD017465AB10D46144600F0FDFC2946A4
:1063A000224680B1707D00F07BFD241A01D1384671
:1063B000F8BD05440FF094FD707D00F0EDFC29461A
:1063C00022460028EED13F1B3846F1E70020F8BDF9
:1063D0000AB32DE9F043524991F81C6191F81D511F
:1063E00091F81E7193B0994614467B1CAA1C8046F6
:1063F000B01C81F81C0181F81D2181F81E3101A813
:106400004222002111F0B8FAB9F1410F05D800205D
:1064100013B0BDE8F083422070478DF806608DF818
:106420000E608DF82660721C40F20126D2B2ADF8E3
:106430001060DFF8F0C08DF81E20242640F6083EDC
:106440006B1C8DF827208DF83120ADF804E08DF815
:1064500016608DF820608DF82460CDF818C00426F1
:106460004FF0060C65F07F0540F209424FF0010E37
:1064700098F81410ADF80C208DF81CE005228DF86A
:106480001F608DF830608DF822C040F207568DF8FD
:1064900025C08DF82A5020464FF0030E63F07F048C
:1064A0004FF0080C02234FF411658DF814108DF88D
:1064B00007308DF808308DF809308DF812308DF8DE
:1064C00021308DF815208DF823208DF82BE08DF8E4
:1064D0002CC04FF00A0EADF82E504FF0400C01A921
:1064E000ADF8286007258DF833308DF840208DF801
:1064F0004140422244F20204ADF838608DF83B304E
:106500008DF83A708DF834E08DF83CC08DF83F502E
:10651000ADF8424011F00CFA422013B0BDE8F08310
:106520006463002020010524A0F11000FFF750BF94
:1065300070B50368184A5B6882B093428DF8071003
:1065400024D10546407DFF281DD000F025FC0DF12B
:10655000070601243146224688B1687D00F0A0FC80
:10656000241A02D1012002B070BD06440FF0B8FC1D
:10657000687D00F011FC314622460028EDD1C4F1BF
:10658000010002B070BD002002B070BD01220DF10B
:106590000701984702B070BD89630200437DFF2B5D
:1065A00000D07047094B1A78002AFAD110B500F1D3
:1065B000100442750649204601221A7000F0CCF9F9
:1065C00021460448BDE8104000F0DCB860630020BC
:1065D000F09403006463002001B900B1704700B576
:1065E00083B0694600F0EEFB009BB3F5966F02D0D6
:1065F00003B05DF804FB00F07DFBF9E730B4084B15
:10660000084A4FF47F4102F10805002430324FF46C
:106610007A7099821D60C3E901401A6130BC7047ED
:1066200048630020009503002DE9F0410024484E06
:106630002546435D4719A3B103F14002D2B2012AB6
:106640000AD9F42B08D81A060ED44FF0010EA3F580
:106650005842B2F5006F56D201354719435D002B01
:10666000EAD12046BDE8F08103F0E002C02A57D00D
:1066700003F0F002E02A66D003F0F802F02AEBD132
:1066800003F007024FF0040E7B7803F0C00CBCF15E
:10669000800FE1D197F802C00CF0C00803F03F036F
:1066A000B8F1800F43EA8213D6D10CF03F0CBEF153
:1066B000030F4CEA83132DD0FA7802F0C007802F25
:1066C000CAD102F03F0242EA8313A3F58032B242FC
:1066D000C2D8A3F55847B7F5006FBDD3B3F5803FD7
:1066E00005F1040510D31E2CBBDC6300970A0B4494
:1066F000C2F30902A7F52057A2F5105221F8147031
:106700005A80023495E77544202CAAD021F8143021
:1067100001348EE7A3F50062B2F5784F97D39BE77B
:106720007A7802F0C007802F03F01F0394D102F0A3
:106730003F0242EA8313A3F18002B2F5F06F8BD2DD
:106740004FF0020E83E703F00F024FF0030E9BE7BA
:10675000FFFF0F0090F850310B2B0CD871B103F1F3
:10676000480210B45C1C80F8504140F822105DF8DB
:10677000044B184670470023184670470B461846CE
:10678000704700BF70B504460E68B4F81821B4F81D
:106790001A31656936689B1A08469BB294F81C1139
:1067A0002A44B04758B1B4F818216369104480B244
:1067B000A4F81801588094F81C211A71012070BDAA
:1067C0002DE9F043284DDFF8B090AC4604468846EA
:1067D000BCE80F0089B003AF0FC703AE0FCE05F1C1
:1067E000140E25460FC59EE80700DCF800303B80FC
:1067F0006B4636682E8003C36B4603CB012504F13C
:1068000018034FF480766361A061E16184F8202071
:1068100004F59870C4F818912022A4F81C61002196
:1068200084F81E5111F0A8F840F20947042240F202
:10683000EF230E4E0E48C4F828010021C4F82C1195
:1068400084F85021A3804FF4E131A571C4F8207180
:10685000C4F824610748FFF7A1FE404600F038FA6B
:10686000284609B0BDE8F083349503006495030021
:10687000709503004863002009000001004870473C
:1068800064630020014B5869704700BF64630020B7
:106890002DE9F04F89B0F8B1032816D02B4C94F8AD
:1068A000503183424FD9483004F5AA7154F8200082
:1068B000FFF7BAFEC0B20130400040F44070A4F8C7
:1068C0005201234809B0BDE8F08F204CD4F82C01C8
:1068D00050B104F5AA71EBE71C4CD4F82031A4F8B0
:1068E00054314FF44170EAE7684600F005FA054676
:1068F00010B300F1FF3A0DF10103164FE94653FAC8
:106900008AFAA64604AE97E80F0019F801CB86E88C
:106910000F000CF00F080DF1200BD8440BEB1C1CE2
:1069200018F8108C1CF8103CAEF85681D145AEF822
:1069300054310EF1040EE6D16800C0B201304000BF
:1069400040F44070BBE70020BCE700BF6463002058
:10695000B66400205495030010B504460248FFF7C2
:10696000F9FE207110BD00BF6463002030B5144CE7
:10697000236883B013B3186851B906F09FFB2368EE
:1069800093F90400012103B0BDE830400FF0B2BD1F
:106990000C4B0093002501238DF805308DF8045031
:1069A00002AB13E9060006F025FB236893F9040007
:1069B000294603B0BDE830400FF09CBD03B030BDA8
:1069C000F864002080BA8C010448006828B108B53A
:1069D000006806F079FB012008BD7047F8640020CC
:1069E000084B1B6843B141B9074B4022C3F88020D4
:1069F000BFF34F8FBFF36F8F7047034B40221A6076
:106A0000704700BFF864002000E100E0024B53F83B
:106A1000200000B1C0687047FC64002030B4094C0D
:106A2000BDF8085054F8204044B1246934B10846F8
:106A3000A44611461A462B4630BC6047002030BCA5
:106A4000704700BFFC64002030B4084CBDF808500B
:106A500054F8204044B1646934B10846A446114654
:106A60001A462B4630BC604730BC7047FC6400209F
:106A700000207047024B186808B190F8600070471A
:106A8000046500202DE9F843234C2568002D3CD0F7
:106A90001E462C2303FB00531746D3F8209088464C
:106AA0000446B9F1000F32D0484611F07DFB2C238B
:106AB00003FB0454D4E90954DFF864C0174B0828D9
:106AC0000246494628BF08224046002D08BF6546B9
:106AD000002C08BF1C4610F02BFF284611F064FB69
:106AE00010280246294628BF1022384610F020FF01
:106AF000204611F059FB042802462146304628BFA3
:106B00000422BDE8F84310F013BFBDE8F883DFF8B6
:106B100014900820CBE700BF046500209C9503007B
:106B20008C9503006495030070B5104E3368D3B1A3
:106B30002C2404FB0034054662691AB1904733687F
:106B400084F832002C2202FB053393F8324014B152
:106B50000124204670BD284623463A22022101F036
:106B6000E7F8204670BD1C46204670BD0465002035
:106B7000074B1B6853B110B42C2404FB0030C46ACB
:106B8000038E0C6013805DF8044B7047704700BFA4
:106B90000465002008B520220023052101F0C8F873
:106BA0004FF0FF3008BD00BF30B4094C24685CB121
:106BB0000D4611462C2202FB0044E46924B11A461A
:106BC0002846234630BC1847012030BC704700BF20
:106BD0000465002030B4094C029A246854B10D4673
:106BE0002C2101FB0044A46824B119462846234601
:106BF00030BC18474FF0FF3030BC704704650020B0
:106C000030B4094C029A246854B10D462C2101FB82
:106C10000044E46824B119462846234630BC18478E
:106C20004FF0FF3030BC704704650020044B1B68F8
:106C30002BB12C2202FB0030036903B118477047C7
:106C400004650020054B1B682BB12C2202FB003091
:106C5000836903B118470120704700BF0465002015
:106C600005F0DCBB00B5164B83B04022002483F84E
:106C7000272301A9012320468DF804308DF8054013
:106C800002F0DAFE4FF0804302A8D3F8385400F83F
:106C9000084D0EF031FC0B4B019301A80EF058FC8F
:106CA0000EF068FCEB0707D400214FF0FF3002F034
:106CB0004DFFFFF70DFBF7E7204605F0AFFBF3E7CD
:106CC00000E100E0616C0200002005F01DB800BF8B
:106CD00000B5002383B00322CDE900230349044813
:106CE000C8220DF0ADF903B05DF804FBA0950300D8
:106CF000656C02000FF0A0BA4FF08052536E1BBAC1
:106D00000360136E1BBA4360082070470048704749
:106D1000A895030070B51E4C2368D3B1012901D09A
:106D2000012070BD1578C5F34115012D13D0022D3A
:106D30000FD15478012C21D0022CF1D19388072B4C
:106D400007D1144C114623892246BDE8704003F058
:106D500035BE002070BD51782229E1D111465288FC
:106D6000003218BF01225A7503F010FE2268D36961
:106D7000002BD5D0507D9847284670BD9C69002CCB
:106D8000E7D0114623782246BDE8704003F016BED6
:106D9000086500200060002010B5044602F034FEB3
:106DA00008B9002010BD02F037FE0028F9D1044BCD
:106DB0004FF4367202FB0434207900F0010010BD5C
:106DC0008C650020064A4FF4367303FB002308331A
:106DD000186808609A889B798B718A80704700BF19
:106DE0008C65002008B5044A4FF4367303FB00207D
:106DF000103002F055FC08BD8C6500202DE9F843E9
:106E00004FF4367404FB00F41E4E4FF6FF73074632
:106E100004F110054FF6FE70824288BF1A463544D1
:106E2000284692B202F066FC804602F0EDFD10B9F1
:106E30004046BDE8F88302F0EFFD81460028F7D117
:106E40003444E378002BF3D0284602F041FC3F287D
:106E5000EED9E178484603F0E7FC0028E8D0284660
:106E600002F036FC3F2804D8E178484603F0ECFCF9
:106E7000DEE7054AE178484602EBC712402303F0FB
:106E8000F3FCD5E78C6500200C650020034A4FF425
:106E9000367303FB0020103002F096BC8C65002096
:106EA0002DE9F8434FF4367505FB00F5244F4FF6F6
:106EB000FF73064605F124044FF6FE70824288BF38
:106EC0001A463C4492B2204602F0B8FC8046204666
:106ED00002F0E6FB3F2802D84046BDE8F88302F006
:106EE00093FD0028F8D002F097FD81460028F3D1E9
:106EF000204602F0D5FB0028EED03D444846A97854
:106F000003F092FC0028E7D00E4B402202EBC6169D
:106F10001E442046314602F0EDFB034660B1324686
:106F2000A978484603F0A0FC0028D5D1064B1B6881
:106F3000DB07D1D500BECFE7A97803F085FCCBE70E
:106F40008C6500200C650020F0ED00E02DE9F0419B
:106F5000804602F059FD10B90020BDE8F08102F032
:106F60005BFD07460028F7D14FF4367404FB08F4A4
:106F7000164E04F124053544284602F091FB002802
:106F8000EAD026443846B17803F04EFC0028E3D01E
:106F900040220F4B02EBC81898442846414602F0A5
:106FA000A9FB044660B14246B1783846234603F057
:106FB0005BFC40B9074B1B68DB07CDD500BECCE7B7
:106FC000B17803F041FC2046C7E700BF8C65002084
:106FD0000C650020F0ED00E008B5044A4FF436736C
:106FE00003FB0020243002F073FB08BD8C650020F9
:106FF00070B5204C82B000214FF4367220460D4609
:1070000010F0BAFCFF234FF4E132082604F13801F6
:107010006371A26001234FF48072009504F11000A7
:10702000A67302F001FB144B1B78C3F3800300939B
:1070300004F59C7101234FF4807204F1240002F0E6
:10704000F3FA04F50E7101200CF06AFA04F52271CE
:10705000064601200CF064FA06B130B9074B1B68F4
:10706000DB0700D500BE02B070BDC4E90756C4E915
:107070000C05F8E78C650020B4600020F0ED00E01E
:1070800038B5094C206A256B20B10CF041FE002375
:10709000C4E907332DB128460CF03AFE0023C4E9B9
:1070A0000C33012038BD00BF8C65002010B50E4C9C
:1070B0000E482378002202600271DA0709D59B0787
:1070C0000DD521780A48C1F38001BDE8104002F0D7
:1070D00063BC103002F040FC23789B07F1D40448D5
:1070E00002F03AFCEDE700BFB46000208C650020A0
:1070F000B06500202DE9F0414B79022B82B004D01D
:107100000025284602B0BDE8F0818B79022BF7D12B
:10711000364EB3782BB1364B1B68DB07F0D500BE7B
:10712000EEE78B7833700C780C4407466378242B99
:107130004FF009050BD1082A02D822E0AA4220D339
:1071400023781C441D446378242BADB2F6D0052B64
:1071500038D0042B15D163790A2B12D1254A94F823
:1071600000800192022301320092384604EB0801AC
:107170001A4603F095FA0028CDD00E3518FA85F599
:10718000ADB202F041FC0028BBD002F045FC044641
:107190000028B6D1F378002BB3D0174802F098FA44
:1071A0003F28AED9F178204603F03EFB0028A8D056
:1071B000114802F08DFA3F28F17811D8204603F0EB
:1071C00043FB9EE72146384603F00AFB0028A2D085
:1071D000A378737023781C441D44ADB26378B8E77C
:1071E000064A2046402303F03FFB8AE78C650020D7
:1071F000F0ED00E08E6500209C6500200C6500200D
:1072000038B5137803F06003202B01D0002038BD7F
:10721000294C938825789D42F8D15378203B032B45
:10722000F4D8DFE803F008151E02012936D003293F
:1072300039D0012038BD01290CD00329F9D11F4BC9
:10724000002BF6D01E490020AFF30080012038BD8E
:107250000129EED111460723194A03F0AFFB0120A3
:1072600038BD01291AD00329E3D1164B55881B7864
:107270001548257113F004011CBFE94301F0010119
:1072800002F08AFB114B002BD3D0C5F3400205F06E
:1072900001010020FFF7A0F9012038BD114603F0DD
:1072A00075FB012038BD0A4B002BC2D0518800204D
:1072B000AFF30080BDE700BF8C6500200000000038
:1072C00094650020B4600020B0650020D9650200FC
:1072D000000000002DE9F0475F4CE2788A420D463D
:1072E00080461F4659D15D4E9AB2314604F11000D6
:1072F00002F0A4FA5A4BC3B16379FF2B15D0A7B1A2
:1073000006EB070A04F1100902E056450DD0637937
:1073100016F8012B9A42F8D1484602F0D1F900281C
:10732000F3D16179AFF30080EFE74E4B23B14E48C4
:1073300002F0C6F9002863D002F066FB002862D193
:10734000A3789D4202D00120BDE8F087474B13B1DE
:107350000020AFF3008002F057FB00282BD14448F7
:1073600002F09EF90028EED1002FECD017F03F0775
:10737000E9D1A178404603F057FA0028E3D0A1787C
:1073800040463B463A4603F06FFA0028DBD1394BC2
:107390001B68DA070CD500BED6E7A3788B42D5D0A0
:1073A000344B1B68DB0703D500BE0020BDE8F08727
:1073B0000020BDE8F08702F02FFB05460028CED163
:1073C0002B4802F06DF90028C9D0A178284603F0B7
:1073D0002BFA0028C3D040222749254802F08AF919
:1073E000034600282CD02846234AA17803F03CFA13
:1073F0000028A8D11F4B1B68D907B0D500BEAEE747
:10740000AFF3008098E702F007FB0646002897D10B
:10741000E378002B94D0144802F05AF93F288FD912
:10742000E178304603F000FA002889D00E4802F0D7
:107430004FF93F28304607D8E17803F005FA7FE797
:10744000A17803F001FA8AE74023044AE17803F0C7
:107450000BFAA37875E700BF8C6500200C6500204F
:1074600000000000000000009C65002000000000FB
:10747000B0650020F0ED00E04C650020704700BFD3
:1074800001207047704700BF704700BF044B0022C7
:10749000C3E90022C3E90222C3E90422704700BF06
:1074A000E469002001207047044B0022C3E9002258
:1074B000C3E90222C3E90422704700BFE469002047
:1074C0002DE9F0434B79032B83B004D000242046F0
:1074D00003B0BDE8F0830B79C3EBC3041234A4B24C
:1074E000944205D9254B1B68DA07EFD500BEEDE7BE
:1074F000234A5578002D3ED0557B002DF2D102F164
:107500000C054FF4A0770E788A1992F801C0BCF1EF
:10751000210FE7D1AA608946895D80466E1CA81CB0
:107520001144CDE900061A464046032303F0B8F89B
:107530000028D7D099F80630A978012B04BF99F814
:107540000730EB700123AB7199F80220AB682A7009
:10755000B3F80730AB800029B9D00A4A40463A4414
:10756000402303F081F90028B1D1044B1B68DB07ED
:10757000ADD500BEABE715468027C4E7F0ED00E0CF
:10758000E4690020646800202DE9F047137803F0D7
:107590001F06012E82B003D0002002B0BDE8F087A4
:1075A000DFF80882978898F80040FFB2BC4200F0EC
:1075B000B08098F80C40BC42EED13746B4464FF04C
:1075C000C00E4FF0130A4FF0120913F060030C467F
:1075D0000546164604D1012900F0A4800120DCE70D
:1075E000202BD9D15378013B0A2BD5D801A252F8D0
:1075F00023F000BFC9760200BF760200A976020020
:10760000997502009975020099750200997502003A
:107610009975020069760200417602002176020027
:1076200001291BD00329D9D173880C2606FB0786B4
:10763000DBB260461946B371FFF720FF0120ACE7CB
:107640000129CBD173880C2202FB07871B0A6046F5
:107650001946FB71FFF714FF00289DD031462846DC
:1076600003F094F9012098E7012900F086800329AE
:10767000B4D1F48871884B4B402C4FEA112220463C
:1076800028BF402011F0FF01734407D0012C05D919
:107690001C788C4202D1013880B2013300906046E0
:1076A000FFF7D2F9012078E7012997D108EB090209
:1076B00031462846234603F081F920466DE701292B
:1076C0008CD108EB0A02F3E7012987D1F38871888E
:1076D000344F402B4FEA1122184628BF402011F0AA
:1076E000FF01774454D0012B52D9013880B2397050
:1076F0007B1C00906046FFF791F90444A3B2002B75
:1077000049D1294A1268D2077FF546AF00BE184614
:1077100043E74FF0000E7746F4464FF0070A4FF06C
:10772000060952E75378062B7FF436AF53881B0ABD
:10773000212B12D0222B7FF42FAF6046FFF766F982
:107740007B001F4408EB8708024631462846B8F8FC
:10775000043003F033F920461FE77B001F4408EB99
:107760008708D8F80820002A3FF416AF137831466E
:1077700002B0BDE8F04703F021B9F388402B3FF693
:107780000BAF084A3146724403F018F9204604E76B
:107790003B460024ADE73A463146284603F00EF951
:1077A0000120FAE664680020F0ED00E0E4690020C2
:1077B000F0B52C4CA67865788E4283B0074610D081
:1077C000A9422CD0A07B657B88423FD0A94244D0FF
:1077D000254B1B68DA0702D4002003B0F0BD00BEC1
:1077E000FAE780264FF0400C0020A9429BB21AD045
:1077F0001E4D3544FAB9009311462B460222FFF77D
:1078000023F92A46A1783846402303F02DF80028B2
:10781000E3D1154B1B68DB07DED500BEDDE74FF07B
:10782000400C00209BB2114961444AB91A46FFF747
:1078300029FE0120D1E72A460221FFF725FEE0E7D5
:107840000A460121FFF720FE0120C6E70C344FF461
:10785000A0764FF4807C0120C7E74FF4807C0120A4
:10786000E0E700BFE4690020F0ED00E0646800207C
:1078700070B5194C82B000210D464FF4EC722046D1
:1078800010F07AF804F138010123802204F110008D
:10789000009501F0C9FE04F1B80101238022009592
:1078A00004F1240001F0C0FE04F59C7101200BF0EE
:1078B00037FE04F5C471064601200BF031FE30B9E5
:1078C000064B1B68DB0700D500BE02B070BDC4E9E3
:1078D0000756C4E90C05F8E77C6A0020F0ED00E0EB
:1078E00038B5094C206A256B20B10CF011FA002341
:1078F000C4E907332DB128460CF00AFA0023C4E985
:107900000C33012038BD00BF7C6A002010B5084C44
:10791000002304F11000C4E90033C4E9023302F08B
:107920001BF804F12400BDE8104002F015B800BFB8
:107930007C6A00202DE9F0434B79012B83B004D001
:107940000025284603B0BDE8F0838B79012B0C4657
:10795000064616D049780429F2D10025032BEFD131
:10796000E379002BECD1DFF8FC8098F8013013B9F3
:1079700098F802700FB3384B1B68DB07E0D500BEE8
:10798000DEE7CB79002BDBD10B781C449DB261780C
:1079900024290BD1954202D9D2E7AA42D0D3237829
:1079A0001C442B44617824299DB2F6D00429C7D108
:1079B0006379012BC4D1A379D0E7A37888F800308C
:1079C00094F8009021794D44ADB2A14439B925E035
:1079D00099F800308F421D44ADB299441ED2AA429C
:1079E0001CD399F80130052BF2D14946304601925B
:1079F00002F0F6FE019A0028BDD099F80230D909AC
:107A000014BF88F8013088F8023099F800302179E5
:107A100001371D44FFB2ADB29944D9E70F4801F0D8
:107A200057FE3F288DD998F80210002002F0FCFE86
:107A3000002886D0094801F04BFE3F2898F8021034
:107A400003D8002002F000FF7BE7054A4023002016
:107A500002F00AFF75E700BFF0ED00E08C6A00203D
:107A60003C6A00207C6A002000207047F8B53C4D3D
:107A7000AA788A421F4612D19AB23A4905F11000FB
:107A800001F0DCFE384B13B10020AFF30080374823
:107A900001F01EFE3F282CD801242046F8BD6B784B
:107AA0008B4208D0324B1C6814F00104F5D000BEA4
:107AB00000242046F8BD064605F1240001F0F0FD43
:107AC00040BB2C4801F0ECFD0028E5D1002FE3D0AD
:107AD00017F03F07E0D16978304602F0A5FE044672
:107AE0000028D9D0697830463B463A4602F0BCFEC1
:107AF000D3E7A978002002F097FE04460028CBD0F7
:107B00001A4801F0E5FD3F28A9781ED8002002F0B0
:107B10009BFEC2E76978002002F086FE0028D0D0E4
:107B20004022154905F1240001F0E4FD034690B11F
:107B3000114A6978002002F097FE0028ACD10C4B66
:107B40001B68DB07BDD500BEBBE7064A402300200B
:107B500002F08AFEA1E7697802F076FEB1E700BF85
:107B60007C6A00203C6A0020000000008C6A002033
:107B7000F0ED00E0A06A0020FC69002030B4114B59
:107B80009C689A6B93F83C5083F82C10A21A02213F
:107B900083F830109A6225B942F2050183F83E500D
:107BA000998744B13AB11A7BD20906D193F82F10C4
:107BB00030BC02F099BE30BC704793F82E1030BC38
:107BC00002F092BE546E002038B5214B214C054680
:107BD0001BB1607BFFF736F8A8B1A06BA36894F8DF
:107BE0002F101D4A1B1AB3F5007F28BF4FF40073F6
:107BF00028469BB202F038FE20B9184B1B68DB0701
:107C000000D500BE38BDA268A36B84F83E0042F2E6
:107C10000771D31A0120A1870221A36284F82C00E6
:107C200084F83010002AEDD0002BEBD0237BDB0949
:107C300006D194F82F102846BDE8384002F054BE13
:107C400094F82E102846BDE8384002F04DBE00BF23
:107C5000456C0200546E0020546C0020F0ED00E0F2
:107C600070B5304CE28AA36852BA92B286B005462B
:107C700012B1B3FBF2F292B2A66BD4F81110607B92
:107C80009B1BB3F5007F28BF4FF4007309BA009324
:107C9000B6FBF2F302FB13621944234BFEF79AFF83
:107CA000031E20DB94F82E200DD011469BB22846EF
:107CB0001D4A02F0D9FDA0B91C4B1B68DB0710D58B
:107CC00000BE06B070BD0724194603A88DF80C50FD
:107CD0008DF8102005938DF811308DF80D4002F0CD
:107CE000B7FB06B070BDA268A36B43F6022000216B
:107CF000D31AA08784F83E1001200221A36284F8E1
:107D00002C0084F83010002AEBD0002BE9D0237B24
:107D1000DB0914BF94F82E1094F82F10284602F0B7
:107D2000E3FDDEE7546E0020546C0020F0ED00E02F
:107D300010B4054C012084F83C1084F83D2084F8F0
:107D40003E305DF8044B7047546E00204022002105
:107D500001480FF011BE00BF546E002040220021E8
:107D600001480FF009BE00BF546E00204B79082B6C
:107D700001D0002070478B79062BFAD1CB79502B9C
:107D8000F7D1162A06D81C4B1B68D907F1D500BEBF
:107D90000020704770B5194D8B7885F82D300B7821
:107DA00082B005F12F0205F12E0619440223CDE918
:107DB00000261A46044602F073FC48B90E4B1B68B5
:107DC000DA0702D500BE02B070BD002002B070BD5F
:107DD000204695F82F100A4A00241F2385F83040CA
:107DE00002F042FD30B9044B1B68DB0702D500BE30
:107DF0001720E8E71720E6E7F0ED00E0546E0020DA
:107E0000546C0020012901D001207047F0B513788F
:107E100003F07F01022985B0054606D003F0600318
:107E2000202B1AD0002005B0F0BD5478012CF5D1DC
:107E30005388002BF6D1434E918896F83030042BAE
:107E4000C9B279D096F82E408C423DD096F82F409A
:107E50008C4257D0012005B0F0BD5378FE2B16D0D0
:107E6000FF2BDFD15388002BDCD1D488A3B2002BA9
:107E7000D8D1344E1146284686F83030C6E90D3345
:107E8000B48786F83E3002F081FD0120CBE75388AD
:107E9000002BC7D1D388012BC4D12B498DF80F30CB
:107EA00000294DD00192FEF7E5FD019A0028B9D0D6
:107EB000431EDBB204AC114604F8013D28462246BD
:107EC000012302F07BFDC5E7022BC3D1B26BB3687F
:107ED0001E4F9B1AB36206F120030FCB07C73A4629
:107EE000214602F80C39032428460D2386F8304039
:107EF00002F0BAFC0028ADD1154B1B68DB0791D509
:107F000000BE90E7002BA5D1214602F0DFFC00283F
:107F1000A0D12146284602F005FD00289AD1002470
:107F200096F82F10094A86F8304028461F2302F0A1
:107F30009BFC0028E0D08DE702F0D6FC204672E7DB
:107F40000B46B7E7546E0020756A0200546C00209F
:107F5000F0ED00E02DE9F041B44C94F83050012DE3
:107F60008EB01E46074645D028D3032D05D0022DDE
:107F70005FD001200EB0BDE8F08194F82E308B4226
:107F8000F7D10D2EF5D1E37B282B00F01A812A2B97
:107F900040F00D81A64B13B1607BFEF747FE002534
:107FA00094F82F10A34A84F830501F23384602F06B
:107FB0005BFC002861D094F83050D8E794F82F503B
:107FC0008D42D6D11F2B06D1DFF868829A4BD8F8A4
:107FD00000209A4271D0042394F82E1084F8303097
:107FE000384602F081FC384694F82F1002F07CFCF1
:107FF0000020BFE7B3F5007F08D9904B1B68D90775
:1080000000D500BE00200EB0BDE8F081E27BA36B7E
:10801000282A00F087802A2A00F08F80217B626B5B
:108020001E44CB09A66336D096422CD3022384F893
:10803000303094F82E10384602F074FC002898D1A5
:10804000A368A26B94F82E60934202D9217BC909E0
:108050002ED19B1A7A4AA3620FCA764D07C52A46CB
:10806000314602F80C39032538460D2384F8305088
:1080700002F0FAFB00287FF47CAF704B1B68DB0733
:10808000C0D500BE76E76D4B1B68DA0793D500BEFE
:1080900094F830506BE793B2607B664A04F10F01AD
:1080A000FEF778FD0028C0F29F80A66B626BBBE7ED
:1080B0003146384602F018FC5BE7C446BCE80F00C6
:1080C00026460FC69CE80F0007C626F8023B1B0C8D
:1080D0003370D4E90123E17B5A4E62620120002211
:1080E000282963632662A26284F82C20A26384F8A4
:1080F000300000F0AD802A2900F0DF80002B00F076
:10810000EF80227BD20940F0EB80B3F5007F00F2D4
:108110006F819BB22946474A384602F0A5FB0028EA
:10812000ABD048E7626B1E449642A663BFF47EAFB5
:10813000FFF796FD94F8305019E7E28A52BA92B2EE
:108140001AB1A168B1FBF2F292B2D4F81110394D14
:10815000B3FBF2FC09BA02FB1C32607B009661445F
:108160002B46FEF74DFD0028C0F2FB81864230D938
:10817000361A40B1A36B291813FA80F33246284609
:10818000A3630FF0E0FB002394F82F508DF81850F4
:108190000722194605A88DF8147007968DF8193036
:1081A0008DF8152002F054F994F83050DFE6264B94
:1081B000002B3FF4F4AE04F10F01607BAFF30080BD
:1081C000EDE6224B002B3FF4EAAE607BAFF300807C
:1081D000E5E6D4E90D231E449642A663BFF426AF1C
:1081E0003846FFF7F1FCE6E6A368A66B94F83C106E
:1081F00084F82C509A1B0220A26284F8300021B926
:1082000042F2050084F83E10A087002B3FF44EAFE9
:10821000002A3FF44BAF237BDB0940F0E58194F863
:108220002F10384602F060FB3FE700BF546E00207D
:108230002D6C0200546C002055534243F0ED00E0D9
:10824000746E0020555342530000000000000000EF
:10825000E28A52BA92B20BBB002A3FF4E7AE94F81E
:108260003C10A362022284F82C2084F830200029DC
:108270007FF4DFAE42F205010022A18784F83E20A0
:10828000002B3FF4D6AE237BDB0940F09A812946D0
:10829000384602F029FB94F8305068E6207BC0098C
:1082A00013D0002A00F08081B3FBF2F2002A00F024
:1082B000A3812829384694D13AE7E28A52BA92B289
:1082C000002BC9D0207BC009EBD094F83C10A362EE
:1082D000022284F82C2084F830200029CAD0D2E76A
:1082E000667B252900F22B81DFE811F022012901AC
:1082F0002901E50029012901290129012901290173
:10830000290129012901290129012901290129011D
:10831000BD0029012901290129012901290129017A
:1083200099008700290129017100290129012901EA
:1083300029014C0029012600304604AA05A9FEF7B0
:1083400017FC059B002B00F04481BDF81020002A8B
:1083500000F03F81013B1BBA12BAC8E90032082085
:10836000A368002B44D0984228BF184683B26063AC
:10837000A64A94F82E10384602F076FA00283FF408
:108380007CAE18E605AD00230DF10E02304604A9BF
:108390006B600593AB60FEF7EBFB049A002A00F0DC
:1083A0001881BDF80E30002B00F0138112BA08219D
:1083B00006925BBA0222ADF81E308DF817108DF8C8
:1083C0001C2095E8070088E807000C20C8E7904BC0
:1083D00003B33046227DE17CAFF30080D0B994F83E
:1083E0003C302BB943F602220023A28784F83E30AA
:1083F00001213846FFF7C2FBDDE5864B53B1E17C36
:108400003046C1F3400301F001020909FEF7CCFB3D
:108410000028E4D0A368002B3FF408AEE8E79DF8FD
:1084200016307D49002203F0800362F3C7138DF8F4
:10843000163003238DF815208DF817208DF8143091
:10844000002900F0E1803046FEF7FCFB9DF8163075
:1084500080F0010060F3C7138DF81630059BC8F853
:10846000003004207CE74FF0203302250022CDE9C4
:108470000522304607A909AA08934FF0800C0793FC
:1084800009930D93CDE90A330C931F260DAB8DF89C
:1084900016508DF8175005AD8DF818608DF815C081
:1084A000FEF7F0FA0FCD594E0FC60FCD0FC62B6851
:1084B0003360242054E794F83C2094F83D0094F86D
:1084C0003E10DFF848C1DFF858E14FF000084FF0E8
:1084D0000003CDE90588CDE9078862F303038DF831
:1084E0001630F0220A23ADF824808DF820008DF894
:1084F00021108DF814208DF81B3005AD0FCDACE8A0
:108500000F002B68ACF80030BEF1000F76D0ACF154
:10851000100130464FF40072AFF300800028A4F839
:108520003C8084F83E800FDB00283FF473AF17E7F0
:108530003046FEF7F9FA00283FF451AF6AE794F8A5
:108540003C30002B7FF454AFA38E304A3349607B1C
:10855000FEF720FB0028FFF64BAF00283FF45AAF90
:10856000FEE6A36BA2681E4443F602200021931B83
:10857000A08784F83E1001200221A663A36284F83C
:108580002C0084F83010002A3FF453AD002B3FF448
:1085900050AD237BDB0914D194F82F10384602F03C
:1085A000A3F994F83050E2E4012294F83C1084F8E6
:1085B0002C200222A36284F8302000293FF45AAE16
:1085C0005EE694F82E10384602F08EF994F830509A
:1085D000CDE494F83C30002B7FF40AAF43F602223E
:1085E00084F83E30A28703E794F82E10384602F054
:1085F0007BF9D4E90D2617E50222D6E7A4F83CE082
:1086000084F83EE01220ABE601201FE7546C002006
:1086100000000000A96B0200456C0200636E0020A0
:108620000000000070B5134C134E84B020464FF488
:10863000AE7200210FF0A0F94025002304F58E72E0
:108640000092CDE901561A46194604F1B00003958F
:1086500004F068F92E4404F170020023CDE90025EE
:10866000CDE90265201D1946012204F05BF904B032
:1086700070BD00BF146F0020946E002010B5054C33
:1086800004F1B00004F07AF9201D04F077F901201C
:1086900010BD00BF146F002038B5074C20460025E0
:1086A00000F8B85B01F058F904F10C0001F054F93E
:1086B00084F8B150657138BD146F00204B79FF2BE1
:1086C00001D0002070472DE9F04FDFF824B19BF86E
:1086D000B13083B04BBB9BF8053033BB0B788A4677
:1086E0000AEB02050AEB030489788BF80010A54217
:1086F000064614D91AF80320A3189D420FD36278B6
:10870000042A0CD00B2A0AD0052A0BF1B8080BF169
:10871000B0070BF10C0917D09D421C4609D8A4EBF9
:108720000A0080B203B0BDE8F08F002003B0BDE8BE
:10873000F08F1A7813449D42F1D36278042AEED068
:108740000B2AECD0052AE7D12146304602F048F842
:10875000002843D0A378DB0905D19BF8B1301BB3C7
:108760002278A318D8E79BF80530002BF8D14846AB
:10877000019301F0F1F8A2788BF80520A2889BF80C
:1087800004C0019B1849C2F30A02A2F50072B2FAB2
:1087900082F2520962F3410C18468BF804C004F0CF
:1087A00037F92278A318B7E7404601F0D5F8A37847
:1087B0008BF8B130A3889BF8B020C3F30A03A3F56C
:1087C0000073B3FA83F35B0963F341023946304621
:1087D0008BF8B02004F064F90028C1D1034B1B686A
:1087E000DB07A2D500BEA1E7186F0020F0ED00E086
:1087F000146F002070B51C4C94F8B1208A420546D5
:108800001E460FD1B4F8BC20F2B9184B23B1B2B256
:1088100017490020AFF300802846164904F040F9BC
:10882000012070BD63798B4201D0002070BD124BD6
:108830001BB1B1B20020AFF300801049284604F00C
:10884000E7F848B1012070BDB2B2D4F8B41004F119
:10885000B80000F0F3FFD8E732462846074904F095
:1088600099F8012070BD00BF146F002000000000C7
:10887000946E0020C46F002000000000186F0020DC
:10888000F8B50E688D88B7783544AE420BD23B46BA
:108890009F42344603D10BE06378042B05D0237844
:1088A0001C44A542F8D80020F8BDA3789F42F6D119
:1088B000E3789A42F3D1A542F5D9237D012B06D95D
:1088C000144B1B68DA07EED500BE0020ECE72379D5
:1088D0000D46DBB1012BE6D12278E389617A13449E
:1088E000114423442144994204D3DCE70A7811441B
:1088F0008B42D8D94A78052AF8D101F071FF28B9FE
:10890000044B1B68DB07CED500BEF8BDA41BEC8072
:108910000120F8BDF0ED00E0C28832B9654B1B685C
:10892000DB0700D500BE00207047F0B40378624832
:1089300003EB830403EB4403C058831803D08E7801
:108940001C7BA64207D95B4B1B68D90700D500BE2C
:108950000020F0BC70472EB9012C01D90120F8E7A6
:1089600001268E7001248C60C1F80E404C770025E2
:108970006FF03F0481F822508C766FF003056FF0A2
:108980006404CD760C774D4DC1F81E50082481F853
:108990002340825CB3F80D4014441C441344A342AA
:1089A000D1D2474F9D78102D0CD827FA05F0C0433F
:1089B00010F0010006D1DA78964203D107E05A7828
:1089C000242AEFD01A7813449C42F8D8BBE79C4283
:1089D000B9D0062D06D0102D04D0042DB9D1012216
:1089E00048730A73CF781A79974218D81FB9012AA9
:1089F000B4D80127CF701A781A44A2420FD29678C1
:108A000006F0FD0CBCF1050F0FD0112E03D10CE0C8
:108A10005678242EF3D0167832449442F8D8254B59
:108A20001B68DA0794D500BE93E7D678B742F2D137
:108A30009442F4D0D1F812408CB9062D30D0102DCC
:108A40002ED0042D09D1B2F80560B2F807505C7D34
:108A500005FB06F304FB03F4E408C1F812404B687D
:108A600063B9557E012D3FF679AFD2F81A3025B99A
:108A7000D2F81E209A427FF471AF4B60114AA2FBDC
:108A800003235A0BCBD0631E1344B3FBF2F3023320
:108A9000B3F5807F28BF4FF48073C1F816305DE7CF
:108AA000B2F80530B2F8074004FB03F42401E408EF
:108AB000D3E700BFF0ED00E070700020030101017A
:108AC000501001005917B7D12DE9F84F0B785D4CC4
:108AD00003EB83050E4603EB45030989E7589146EE
:108AE000804679B13944CB7803F00303012B00F0C1
:108AF0009480738933B13B44DA7802F00302012A8F
:108B000000F091807488B58800233C44B381F381E0
:108B100033827382B382F3823D44A278AC4238BF81
:108B2000134609D29A4203D10CE06378042B06D095
:108B300023781C44A542F8D80020BDE8F88FA3781C
:108B40009A42F5D1E3789945F2D1A542F4D994F847
:108B500004A0BAF1020F15D8E31BF380B9F1000F9E
:108B600016D023781C44BAF1000F4CD04FF0000B04
:108B700006E06378052B28D0042B03D023781C440F
:108B8000A542F6D8304B1B68DA07D5D500BED3E72F
:108B9000737F012B12D006F11E03494686F81D9003
:108BA000A6F81890A6F81A90184630220EF0E4FEA7
:108BB00001463046FFF7B0FE0028BDD023781C44A4
:108BC000BAF1000FD2D10120B7E7E37803F0030335
:108BD000B9F1000F01D0012B18D0022BACD12146E6
:108BE000404601F0FDFD28B306EB4B03E21B1A8162
:108BF00022780BF101039A4514444FF0010BBFD8C2
:108C0000B9F1000FDFD002237377DCE7A388B269E4
:108C1000C3F30A039342E2D28EE7002333818978BB
:108C200001F08EFE65E7002272819978404601F0DE
:108C300087FE67E7044B1B68DB077FF57DAF00BE4F
:108C40007BE700BF70700020F0ED00E010B4064C30
:108C500006480023C4E900331946C4F807304E2201
:108C60005DF8044B0EF088BE707000207C7100200F
:108C70000120704710B4064C06480023C4E90033B5
:108C80001946C4F807304E225DF8044B0EF074BE4E
:108C9000707000207C7100202DE9F0414B790E2B83
:108CA00004D04FF000084046BDE8F0818B79012BDD
:108CB000F7D1CB79012BF4D13E4E33682BB13E4B2B
:108CC0001B68DB07EDD500BEEBE714460F461A46DE
:108CD000314605463760B480FFF7D2FD0028E0D06A
:108CE000F2883368B97813443C44A74293F814C01F
:108CF0003B4605D308E05A78042A4DD00B2A4BD0C6
:108D00001A7813449C42F6D8BCF1000F4ED02B4980
:108D10004A88002AD3D1D81B1FFA80F83272A1F8F2
:108D200002809C4293F802E00A8098BF034605D86F
:108D30000BE05A78042A2BD00B2A29D01A78134436
:108D40009C42F6D8DB1B1FFA83F80022BCF1010F0E
:108D5000A1F804804A77B2D117FA80F017FA83F3AA
:108D6000984281780AD282788A4203D118E0427808
:108D7000042AF8D0027810448342F8D8284600220A
:108D80000E49FFF7A1FE00288BD0A6F804808AE7E1
:108D90009A787245D2D0D5E79A788A42B0D0B3E7B4
:108DA000C278012AE6D18342EFD1E7E7DB1B1FFA45
:108DB00083F8EAE770700020F0ED00E07C7100209D
:108DC0002DE9F047167806F01F04012C8CB004D072
:108DD000002420460CB0BDE8F087DFF8F892B2F826
:108DE00004C0D9F80070804615465FFA8CF317B1BD
:108DF000BA789A422CD0B44F7C88002CE9D03A78CB
:108E000002EB820002EB400259F802E07444A278BF
:108E10009A42DDD1C6F34116F3B2002B00F09C80DC
:108E2000012B12D15FEA1C2C0FD16B881B0A022B7D
:108E300000F02E81062B00F01781012B00F0F58049
:108E4000A24B1B68DB0700D500BE07233B77BFE7BB
:108E5000C6F34116F4B2002C47D0012C25D15FEAAD
:108E60001C2C26D0B9F80620BB18B95CDA8911444D
:108E700019448B420ED29A78023A052A06D8DA783B
:108E8000624503D107E05A78242AF4D01A781344B3
:108E90009942F8D849B1002389F80930012498E7AC
:108EA0008A4B1B68D90700D500BE072389F8093013
:108EB0008EE76B881B0A012B00F09580022BEFD107
:108EC0006B78812B00F04781862BE9D10129E2D113
:108ED0000B46404629467E4A01F070FD0028DAD153
:108EE000FF2389F80930002473E76B780A2B4AD0F6
:108EF0000B2B3ED10129CED1EB88002BF0D1B9F854
:108F00000630FA181179A9B1F85CD189537A014475
:108F1000034413440A44934205D395E119780B4462
:108F20009A4240F2918159780529F7D199784046C3
:108F300001F006FD0026A9F806606A8865494046EA
:108F4000FFF79EFC04460028CAD02946404601F09F
:108F50001DFD89F809603CE76B780A2B27D00B2BA5
:108F60007FF46EAF012900F0BD8000233B77012420
:108F70002FE7564B1B6813F001032FD107221C4625
:108F800089F8092025E7012985D1EB88012BA7D194
:108F9000B9F80620BF18A3D00CAAF97802F8301D42
:108FA000294601F00BFD04460028D2D198E701299B
:108FB000DBD1EB88012B35D1FB889BB31EEB030380
:108FC00030D00CAADB7802F8303D40460B462946EB
:108FD00001F0F4FC044628B33E77FAE600BE07230E
:108FE00089F80930F5E66B78812B00F0D180862B6B
:108FF00000F0BE80012B7FF453AF012900F0CB803D
:1090000002297FF448AF344B002B3FF444AF99F86A
:109010000A100020AFF30080B0FA80F489F809004C
:109020006409D6E6FF233B77D2E67B7F0BB187F856
:109030001DC06C78842C61D8822C65D2012C00F084
:109040000A81812C7FF4FCAE01298ED1EB883BB1E3
:10905000294640463023214A01F0B0FC002884D143
:10906000FF233B770024B4E66B78812B00F0A180CE
:10907000862B7FF4E5AE01297FF477AF2946404681
:109080000123134A01F09AFC00287FF46EAFE7E752
:109090006B78812BD8D040F2B080852B00F0978080
:1090A000862B7FF4CDAE01297FF45FAFEB88012BD7
:1090B000D6D10B4640462946094A01F07FFC0028DC
:1090C0007FF453AFCCE700BF7C710020F0ED00E0EF
:1090D000E195030070700020000000009A710020EC
:1090E000E29503006A8839464046FFF7EDFC002808
:1090F00098D02946404601F049FC36E7862CD2D06C
:1091000065D3872C7FF49CAE01297FF42EAFEB88CA
:10911000002BA5D0B64EE94606F1300A30687168DA
:10912000B268F368CC46ACE80F0010365645E1460D
:10913000F4D19DF80210002940F09F80832C00F0AC
:109140008381872C00F06481822C00F061810823E8
:109150003B7700243DE601297FF49DAE2946404639
:109160000123A44A01F02AFC00287FF494AEB7E65C
:1091700001297FF490AEEB88012B7FF4B1AE294634
:1091800040469D4A01F01AFC00287FF484AEA7E611
:1091900001297FF480AEEB88012B7FF4A1AE294634
:1091A00040460123954A01F009FC00287FF473AE84
:1091B00096E601297FF4D9AE0B464046294607F1D1
:1091C0001C0201F0FBFB00287FF4CFAE48E7012929
:1091D0007FF4CBAEEB88022B7FF442AF0CAA302198
:1091E00022F8301D4046294601F0E8FB04460028DD
:1091F0003FF436AF00233B77EBE5012B7FF420AE45
:1092000001293FF425AF02297FF4AFAE7849A1F1DF
:109210001E00FFF781FB044660B3794B7A6BBA619D
:109220003BB1734A79783878AFF3008000287FF437
:109230009CAE7449002302204FF480720880C7E975
:1092400003337B61BA83C4E56F4B1B68D8077FF596
:1092500047AE00BE44E601293FF4FAAE02297FF48E
:1092600084AE6349A1F11E00FFF756FB04460028B7
:109270007FF47BAE08233B77ABE59DF80300002825
:109280007FD1FA88002A3AD01EEB020337D01EF8AD
:109290000220B3F80D005D4E104418441344984268
:1092A0000FD99A78102A04D826FA02F2D20700F1D0
:1092B000D5801A7813449842F1D95A78242AF8D1E3
:1092C000EDE70346832C5AD0872C4CD0822C7FF4B8
:1092D0003EAF01218DF803101A781A44904237D915
:1092E000947804F0FD06052E10D0112C0ED01478C1
:1092F00022449042F2D95478242CF8D1EEE7424B24
:109300001B68D9077FF523AF00BE20E7D478A142C0
:10931000EDD1997806291DD010291BD004297FF49E
:1093200016AFB2F80510B2F807205B7D02FB01F220
:1093300003FB02F3DB08CDF812306A4629464046AB
:10934000302301F03BFB044600283FF489AE51E78F
:109350000246DEE7B2F80510B2F8073003FB01F36E
:109360001B01DB08E7E79A78062A06D0102A02D00C
:10937000042A7FF4ECAE997DACE79979AAE71979D4
:10938000A8E7019B002BD8D1FA88002AB7D01EEBA2
:109390000203B4D01EF802E0B3F80D20DFF86CC071
:1093A00072449E1873449E420ED99A78102A03D8AC
:1093B0002CFA02F2D20756D41A7813449E42F2D9FC
:1093C0005A78242AF8D1EEE733461A7813449E429D
:1093D00064D99A7802F0FD01052948D0112A46D0B7
:1093E0001A7813449E42F2D95A78242AF8D1EEE72B
:1093F0009A71002079700020E29503007A700020B5
:10940000000000007C700020F0ED00E05010010032
:1094100001238DF8023001234FF001120293002343
:109420000392ADF810304FF6C0428DF8223040F272
:109430009B13ADF81A20ADF81C30404ACDF81E2021
:1094400008238DF8233078E7FB88002BE3D01EEB50
:109450000303E0D01B7B8DF80230DCE7DA78914221
:109460007FF427AF2EE7DA789142A5D1ADE7DA781D
:109470009042B5D1823C052C3FF669AE01A252F86C
:1094800024F000BF05950200E9940200CB9402008D
:109490004F9102004F910200A19402003346E9E788
:1094A000D3F8151042F21073B1FBF3F301910029C8
:1094B0003ED0DDF812208BB9931CB3F5807F28BF16
:1094C0004FF48073CDF8163037E75A7E72BBD3F86D
:1094D000221042F21073B1FBF3F3E7E7013A1A44AA
:1094E000B2FBF3F30233E8E75A7ECAB1053203EB6D
:1094F0008202D2F80210D3F81A3042F21072B3FB93
:10950000F2F3D3E75A7E72B1053203EB8202D2F84E
:109510000220D3F81A1042F21073B2FBF3F3C5E73E
:10952000D3F81E10E7E7D3F81E20F2E700230193DB
:109530000023ADF81630ADF81830FEE60301010146
:109540002DE9F84F334C238953B12278324F02EB87
:10955000820502EB45057D592B449F788F420AD046
:109560002E4B1B68DB0703D500BE0020BDE8F88F3B
:109570000020BDE8F88FD4E904369E4205460BD39F
:1095800027490023C4E90333636119B161781046A8
:10959000AFF300800120E9E701F046F90028E7D0A9
:1095A000DFF88090A36999F80000D4E9042BA2EBBE
:1095B0000B0808EB00069E4228BF1E46B04213D996
:1095C000164B1B6813F0010301D000BE002339467F
:1095D0002846144A01F048F90028DBD10F4B1B68DC
:1095E000DA07C5D500BEC1E7E168A6EB000A594419
:1095F000484452460EF09CF90BEB0A03D0456361D8
:10960000B3B2E4D199F8012042F0020289F80120B6
:10961000DDE700BF7C71002070700020F0ED00E0FD
:10962000000000007C7000202DE9F041B2F5004FF1
:109630009DF8188030D80446C0681E460F4615466F
:1096400018B14FF0FF310AF0ADF9206918B14FF0B1
:10965000FF310AF0A7F9E288E068276066F30E029E
:10966000C2F30721002368F3C711E2806381A5805C
:10967000E171238118B11A46194609F077FD206976
:1096800038B100231A46194609F070FD0120BDE8E3
:10969000F0810120BDE8F0810020BDE8F08100BF2D
:1096A00003894289808892B29BB2934236BFC2EB53
:1096B00040029B1A9B189BB2984228BF18467047DD
:1096C000028943899BB2981AB0FA80F0400970472A
:1096D00003894289808892B29BB2934236BFC2EB23
:1096E00040029B1A9B189BB2984286BFC01A80B258
:1096F000002070472DE9F843054600690E461746DD
:1097000018B14FF0FF310AF04DF92B896989A8880B
:109710009BB289B28B4236BFC1EB40045C1AE4189D
:10972000A4B2002C4AD0A04206D283422CBF191A00
:10973000191889B269810446BC4228BF3C46884258
:10974000A4B203D8091A89B28842FBD9EA882B68E7
:10975000401AC2F30E0887B21FFA88F2BC4202FB1D
:10976000013125D917FB08F91FFA89F94A46304615
:109770000EF0DEF8E21B12FB08F206EB090092B2D3
:1097800029680EF0D5F86A89A88892B211198BB2AF
:109790009A4215D940001B1A9BB228696B8120B1EF
:1097A00000231A46194609F0E1FC2046BDE8F8837B
:1097B00002FB04F230460EF0BBF8E4E769898BB295
:1097C00040008342E9DBE6E738B5054600690C4610
:1097D00018B14FF0FF310AF0E5F829896B89AA88A2
:1097E00089B29BB2994236BFC3EB4200C81A4018F7
:1097F00080B200B3824209D291422CBF8B1A8B18DF
:109800009BB29A426B8103D89B1A9BB29A42FBD9B6
:10981000EA882968C2F30E02204602FB03110EF00B
:1098200087F80124286920B100231A46194609F057
:109830009DFC204638BD0446F4E700BF2DE9F04703
:109840001446002A4FD00546C0680F4618B14FF0A5
:10985000FF310AF0A7F8EA792E896989AB88D20925
:10986000B6B289B242D18E4236BFC1EB4301711A02
:10987000891989B2994252D2591A89B28C42E88820
:1098800028BF0C46C0F30E08B342304603D8C01AB6
:1098900080B29842FBD21B1A2A681FFA83F9A145AD
:1098A00008FB002047D219FB08FA1FFA8AFA524631
:1098B00039460EF03DF8A4EB090212FB08F207EB63
:1098C0000A0192B228680EF033F8A3199BB2AA8855
:1098D000B3424FEA420201D3934201DB9B1A9BB28F
:1098E000E8682B81F8B92046BDE8F087E8889C42FB
:1098F000C0F30E080FD28E4223D3721A92B25800D0
:1099000022448242C0DBCE18361BB6B2B14220D907
:10991000361AB6B2B8E7E41A08FB0477B3B9E868B8
:1099200000240028DFD000231A46194609F01EFC47
:109930002046BDE8F08708FB04F239460DF0F8FF39
:10994000C3E75800421A324492B2D9E70E461C4689
:1099500098E7B04298DCDBE710B50446C06818B160
:109960004FF0FF310AF01EF8206918B14FF0FF31B7
:109970000AF018F8E06800236381238118B11A46C1
:10998000194609F0F3FB206920B100231A46194655
:1099900009F0ECFB012010BD38B5C379B1EBD31F42
:1099A0001FD00446C0680D4618B14FF0FF3109F0D2
:1099B000F9FF206918B14FF0FF3109F0F3FFE379A7
:1099C000E06865F3C713E37120B100231A46194616
:1099D00009F0CCFB206920B100231A46194609F092
:1099E000C5FB012038BD00BF704700BF704700BFF6
:1099F0000020704700207047704700BF704700BFCD
:109A0000704700BF704700BF024B5878003018BF46
:109A10000120704724720020024B1878C0F38000A8
:109A2000704700BF24720020024B1878FF3818BF1F
:109A300001207047146100202DE9F047374E33783C
:109A4000FF2B82B004D00125284602B0BDE8F08784
:109A5000002946D0382288460746002130480DF0BC
:109A60008BFF304B3049002501201D7009F058FD57
:109A70002E4B1860002834D02D4C2346626833F8F2
:109A80000C0B6188009509F0FFFAA16805460AF001
:109A900063F9284B1D6075B3274B23B12748AFF3FB
:109AA0000080274B1860254CDFF89CA02278DFF857
:109AB000909000252B460EE0D9F8003013EB4513AB
:109AC0000FD05B686BB1984722780135EDB2511D1C
:109AD000A9422B4615DBAA42EED89B1A0AEB431388
:109AE000EFE7184B1B68DA0700D500BE00252846B3
:109AF00002B0BDE8F087134B1B68DB07F6D500BE4C
:109B0000A2E741463846377001F050FE054600286E
:109B1000F1D0384601F04CFE96E700BF14610020FA
:109B20002472002024730020D47100205C72002075
:109B3000B86000206072002000000000D07100209A
:109B4000CC710020F0ED00E0E4950300B94B1B78E8
:109B5000FF2B00F0A1812DE9F04F04468BB04FF4AC
:109B60007A7200238002A10D0DF002FDB24DDFF8E4
:109B7000E4B2B24E8246671C286800F02481002CB3
:109B800000F02181BAF1000F14BF5246012207A94B
:109B900009F076FDC0B19DF81D30013B072B00F2A6
:109BA0001481DFE813F0F200D300CA00BF00B70051
:109BB000410014000800089B0BB1099898472868D9
:109BC0000AF09CF80028D6D10BB0BDE8F08F9DF8C4
:109BD00020109B4B01F07F0703EB470303EBD113EE
:109BE00093F826006FF3000083F8260093F8260010
:109BF0006FF3820083F82600002F00F04581914A20
:109C00001B7D12789342C0F03381501D9842C0F200
:109C100034819B1A0BEB43139F699DF82120099B0C
:109C20009DF81C00B847CAE7874A1378002B00F05C
:109C300024811378013BDBB21370137803F0FF002B
:109C4000002BBCD1DFF8F8919DF81C8099F800300A
:109C500043F0010389F8003099F8263060F30003DF
:109C600089F8263099F8263060F3820389F8263087
:109C700099F8273060F3000389F8273099F82730E6
:109C800060F3820389F8273000F002FF9DF820304E
:109C900003F06002602A00F00681402A00F00A8189
:109CA00003F01F03012B00F0D581C0F01281022BBD
:109CB00040F0F9809DF8241001F07F07082F00F292
:109CC000F2807B00C80901934B44034400905D4837
:109CD0001F7D03789F4280F00F82336803EB4717A4
:109CE000002A00F0108257B1786900F0D1FE7B693C
:109CF000404608AA0121984700287FF460AF9DF8EC
:109D00001C00002101F0BEFF80219DF81C0001F025
:109D1000B9FF54E74A4B1B78D8077FF550AFFFF7E0
:109D200071FE4CE7464B1A78D7077FF548AF187895
:109D3000C0F3C000FFF764FE41E7414BDB78D90771
:109D40007FF53DAF0898FFF751FE38E73D4F9DF88E
:109D50001C903A780023984610E0336813EB4813C0
:109D600000F08080DB68484698473A7808F101089F
:109D70005FFA88F8511D8845434645DC9045A3EBC2
:109D80000203EAD30BEB4313ECE72E4F9DF81C9034
:109D90003A78002398460FE0336813EB48135BD002
:109DA000DB68484698473A7808F101085FFA88F876
:109DB000511D884543460FDC9045A3EB0203EBD3CE
:109DC0000BEB4313ECE72246E1E6204B1B68DA0776
:109DD0007FF5F5AE00BEF2E63822002118480DF0FE
:109DE000CBFD1B4A4FF0FF33C2E90533C2E9003314
:109DF000C2E90233D3611384136100F03FFE104BBC
:109E00009DF820209A70DAE6382200210C480DF0E7
:109E1000B3FD0F4A4FF0FF33C2E90533C2E9003307
:109E2000C2E90233D3611384136100F027FEFFF708
:109E3000E5FDC4E61461002060720020CC710020B2
:109E400024720020D071002024730020F0ED00E087
:109E500028720020E4950300A44B1B68D907CCD5D9
:109E600000BECAE7A14B1B68DA07DED500BEDCE7FF
:109E7000326812EB43137FF4CFAE9C4B1B68DB07B9
:109E80007FF5A2AE00BE9FE6099B9DF821209DF8BC
:109E90001C0000F013FE92E67047FCF7F3FC02464C
:109EA000002840F0E981914B1B68DA077FF527AF66
:109EB00000BE24E78E4800283FF421AF00F0E8FD03
:109EC000404608AA0121FCF725FF00287FF477AE61
:109ED00015E7202A00F0F180002AE4D19DF8213016
:109EE000092BE0D801A252F823F000BF13A0020012
:109EF000F39F0200A79E020035A00200A79E020069
:109F0000D59F0200819F0200A79E02006B9F020066
:109F1000159F02009DF8223001931A4699F80130EE
:109F20009A4200F0548199F80130002B40F054819E
:109F3000019B89F80130002B00F04781581EC0B208
:109F4000FCF7A0FC18B14378022B00F0C181674BED
:109F50001B68DB0700D500BE644B1B68D80700D523
:109F600000BE002389F80130C9E60AAA99F8013039
:109F700002F80E3D4046012308A900F01FFD1EE631
:109F8000BDF82200030A5A1EC0B20E2A3FF6B7AE31
:109F900001A151F822F000BF8BA2020067A20200CB
:109FA00057A20200FF9C0200FF9C020039A202009F
:109FB00067A20200FF9C0200FF9C0200FF9C0200BF
:109FC000FF9C0200FF9C0200FF9C0200FF9C02001D
:109FD000BBA2020008A800F061FD40469DF82210D7
:109FE00001F0ECFB99F8003043F0020389F80030EF
:109FF000E5E5BDF82230012B7FF481AE99F8003001
:10A0000040466FF3C30308A989F8003000F0BEFC96
:10A01000D5E599F80030990801F00201C3F3401327
:10A020000AAA0B4322F80E3D4046022308A900F07D
:10A03000C5FCC4E5BDF82230012B7FF460AE99F871
:10A040000030404643F0080308A989F8003000F0CA
:10A050009DFCB4E59DF824300F2B3FF650AE4B44E9
:10A06000244A1B791778BB4238D2376817EB43175D
:10A070003FF445AE786900F00BFD7B6908AA012129
:10A080004046984700287FF49AAD9DF8203013F0A1
:10A0900060077FF434AE9DF821300A3B012B3FF678
:10A0A0002EAE00F0F5FC9DF821300A2B00F0FC806C
:10A0B00008A9404600F06AFC81E59DF824300F2B8A
:10A0C0003FF61DAE4B440B4A1B791778BB4260D25A
:10A0D000376817EB43173FF412AE05E67A1D9A4234
:10A0E000FFF60DAEDB1B0BEB4317C3E7F0ED00E013
:10A0F000156D0200D0710020581DB84239DA002ACF
:10A100007FF4FDAD17469DF82130012B03D036D3E7
:10A11000032B7FF4C8AEBDF822200292AAB9B84A38
:10A12000012B10783DD001F0ADFD019B009A4B440E
:10A13000134493F8262042F0020283F8262093F875
:10A14000262042F0010283F82620002F3FF437AD8D
:10A15000786900F09DFC7B69012108AA4046984778
:10A16000002000F095FC99F82730D9073FF527AD7E
:10A170009EE7FB1A0BEB4317002AC4D0B4E5019B02
:10A18000009A4B44134420330AAA9B79C3F340033B
:10A1900048E77A1D9A42FFF6B2ADDB1B0BEB431783
:10A1A000A2E501F097FD019B009A02994B441344EC
:10A1B00093F8262061F3410283F8262093F82620A5
:10A1C00061F3000283F82620BFE7FFF717FC404643
:10A1D00008A900F0DBFBF2E40021404601F000FB9F
:10A1E000404601F09FFB874F99F80230029300230D
:10A1F00000943A781C460CE00BEB4313DB684046B6
:10A2000098473A780134E4B2501D8442234600F363
:10A21000CE809442A3EB0203EED2336813EB4413D7
:10A22000ECD1794B009C1B68DB0700D500BE9DF884
:10A23000083089F802307BE6FFF7DAFB0246002897
:10A240003FF45DAD4046137808A900F0B7FB002845
:10A250007FF4B5AC53E5BDF82410FCF719FB0246BA
:10A260000028EFD14BE5022B3FF417AEFFF7C2FBFE
:10A27000024600283FF443AD4046538808A900F049
:10A280009DFB00287FF49BAC39E5FCF7F7FA02460A
:10A2900000283FF408AE4046122308A900F08EFBC8
:10A2A00000287FF48CAC2AE50AAA08A902F80E7DE2
:10A2B0004046012300F082FB81E4544B002B3FF425
:10A2C0001EADFCF723FD024600283FF418ADD3E78E
:10A2D000C27999F80030511161F30413921162F3BD
:10A2E000451389F800304388CDF81080CDE900A4EB
:10A2F000C318039300F10907039BBB4237D97B784E
:10A300000B2B03BF3B7897F803A0FF184FF0010A0F
:10A310007B78042B43D1039B3A4ACDF814A0DB1B76
:10A3200000219BB20291127888469A4617E0346861
:10A3300014EB481433D052463946049823699847A1
:10A34000082808F1010201D9824543D22D4B5FFA5A
:10A3500082F81A78CDF80880511D88451CDC029BD4
:10A360009045A3EB0202E2D30BEB4214E3E7DDF8E6
:10A370001080DDE900A4FFF73FFB28E702464346D3
:10A3800004463946224802F0B1FA1E4B029A1B7865
:10A39000053393422744AFDADDE900A4D7E51A4B31
:10A3A0001B68DF07DDE900A47FF5D6ADD3E53822D1
:10A3B00000211848009C0DF0DFFA174A4FF0FF33D8
:10A3C000C2E90533D3611384C2E90033C2E9023321
:10A3D00013612CE7DDF814A0BAF1010F1ED00021A3
:10A3E000CBB2534501F10101C8D2BA78134459FAEE
:10A3F00083F31A79FF2AD2D183F80480F0E700BFF3
:10A4000014610020D0710020F0ED00E00D6D02001D
:10A4100038720020247200202872002023690A4A22
:10A420000A498B4208BF4FF0020A9342D7D17B7989
:10A43000012BD4D1BB79012BD1D1FB79002B08BFE3
:10A440004FF0020ACBE700BF35790200F570020039
:10A450002DE9F0434378023B85B005460E46042BB8
:10A460000CD8DFE803F0495D037E3F00844B1A7887
:10A47000D70715D51A7842F004021A70814B186874
:10A480008EB933464FF0FF32294608F06FFE003098
:10A4900018BF0120F0B97C4B1B68DB0700D500BE5C
:10A4A00005B0BDE8F08304AA002342F80C3D29461C
:10A4B00009F06CF8019B43B1744B4FF080525A6025
:10A4C00040BFBFF34F8FBFF36F8F003018BF012025
:10A4D0000028E0D0324669782878FFF785FA05B081
:10A4E000BDE8F0836A4A13780133DBB21370654B21
:10A4F0001868002ED7D1C4E7614B1A786FF30002B9
:10A500001A701A7800216FF341021A7059701A7884
:10A5100061F382021A705B4B1868002EC3D1B0E75A
:10A520005C4FDFF874913978DFF87081002423469E
:10A530000AE0D8F8003013EB44130AD10134E4B236
:10A540004A1DA242234615DB8C42F2D35B1A09EB6B
:10A550004313DB69002BF1D0696828789847397874
:10A56000ECE7474B1A78D4079AD51A786FF3820232
:10A570001A7083E7424C237858072FD52378414936
:10A580006FF3820323702B788DF8043005220023AB
:10A59000CDF80A30CDF80630ADF80E3008688DF8E9
:10A5A0000520002E59D004AA01A942F8103D08F058
:10A5B000EDFF009B43B1354B4FF080525A6040BFD6
:10A5C000BFF34F8FBFF36F8F003018BF01200028FB
:10A5D0004DD12D4B1B68D90700D500BEE378DA07B3
:10A5E0007FF55EAF274A2B78696810688DF80430D4
:10A5F00003220023CDF80A30CDF80630ADF80E3036
:10A6000002918DF80520F6B104AA01A942F8103D87
:10A6100008F0BCFF009B43B11C4B4FF080525A60C6
:10A6200040BFBFF34F8FBFF36F8F003018BF0120C3
:10A6300000283FF430AF32469DF805109DF8040025
:10A64000FFF7D2F92CE733464FF0FF3201A908F0AB
:10A650008DFD003018BF0120EAE733464FF0FF328E
:10A6600001A908F083FD003018BF0120AFE7324692
:10A670009DF805109DF80400FFF7B6F9AEE700BF9E
:10A680002472002060720020F0ED00E000ED00E098
:10A6900024730020D0710020E4950300CC710020C9
:10A6A0002DE9F84F0A9F002A4CD090464A78052A97
:10A6B0000C460ED1CE7806F00306B34209D18A7853
:10A6C00002F07F02082A0DD9204B1B68DA0700D55B
:10A6D00000BE1E4B1B68DB0702D40020BDE8F88FCC
:10A6E00000BEFAE7DFF868B0DFF868A09BF80090DA
:10A6F00000250EE06278052AEBD1E27802F0030231
:10A70000B242E6D1A27802F07F02082ADCD89BF898
:10A7100000909AF802100022204602F095F80028D6
:10A72000D2D04846214601F06FF80028D1D0A27857
:10A73000D30916BF0B9B3A701A7022780135454534
:10A740001444D7D10120BDE8F88F00BFF0ED00E040
:10A75000146100202472002030B51E4D85B00824FD
:10A7600000230290019303918DF805402868144658
:10A7700082B9134601A94FF0FF3208F0F7FC003010
:10A7800018BF0120E0B9144B1B68DB0700D500BEE1
:10A7900005B030BD04AA01A942F8103D08F0F6FE4C
:10A7A000009B43B10D4B4FF080525A6040BFBFF346
:10A7B0004F8FBFF36F8F003018BF01200028E2D009
:10A7C00022469DF805109DF80400FFF70DF905B02D
:10A7D00030BD00BF60720020F0ED00E000ED00E051
:10A7E00038B58B7803F07F03082B06D90B4B1B6819
:10A7F000DB0700D500BE002038BD094A094B0C46D6
:10A80000204691781D78002202F01EF80028EDD035
:10A8100021462846BDE8384000F0F6BFF0ED00E0E4
:10A820002472002014610020CB09263301F07F013F
:10A830000348044A03EB41010844116801F0BABF20
:10A84000247200205C720020CB09263301F07F01C6
:10A850000348044A03EB41010844116801F0D6BFE4
:10A86000247200205C72002038B5154C01F07F0581
:10A8700004EB450404EBD1142034A079C00706D5BD
:10A88000104B1B68DA0700D500BE002038BDA57943
:10A890000D4845F001050078A57101F0F1F8002898
:10A8A000F4D1A379074A60F30003A371A37960F39D
:10A8B0008203A3711368DB07E7D500BE38BD00BF74
:10A8C00024720020F0ED00E014610020054B01F03F
:10A8D0007F0203EB420303EBD11191F8260000F055
:10A8E000010070472472002010B50C4B18780C46FC
:10A8F00001F0C8F90A4904F07F0301EB430101EBC1
:10A90000D41191F8263043F0020381F8263091F8F3
:10A91000263043F0010381F8263010BD1461002079
:10A9200024720020054B01F07F0203EB420303EB8E
:10A93000D11191F82600C0F3400070472472002026
:10A9400010B50F4B18780C4601F036F80D4904F09D
:10A950007F0301EB430101EBD41191F826306FF333
:10A96000410381F8263091F826306FF3000381F817
:10A97000263091F826306FF3820381F8263010BD1F
:10A980001461002024720020704700BF0A4630B4D2
:10A99000094C496805461068234603C30023C4E9EF
:10A9A000023392F900209A422846ACBF8021194612
:10A9B0001A4630BCFFF758BF68730020F0B50E464A
:10A9C0002B4C496807463068A260254603C5002124
:10A9D000E181F588AB4228BF2B4683B0A381ADB19E
:10A9E0003BB3002A3DD094F90000402B28BF402300
:10A9F00000282CDB1F4A3846FFF736FF98B91E4B5C
:10AA00001B68DB0712D500BE03B0F0BD96F900301D
:10AA1000002BACBF8021002138462B462A46FFF789
:10AA200023FF0028EBD0012003B0F0BD002003B0CD
:10AA3000F0BD94F90020002AACBF194680211A46C7
:10AA40003846FFF711FF0028D9D00120ECE7114666
:10AA5000084801931A460CF06BFF064A019B8021BF
:10AA6000EEE7054B1B68D907E0D500BE1046CBE7E3
:10AA70006873002028730020F0ED00E0034B0022F3
:10AA8000C3E90022C3E902221A61704768730020FB
:10AA9000014B1861704700BF687300200346064AE7
:10AAA0005968006810B41346002403C3C2E9024485
:10AAB0005DF8044B704700BF6873002070B5404CD0
:10AAC0002278C909B1EBD21F82B0064615D03BB13E
:10AAD0003C4B1B68DA0700D500BE002002B070BDF9
:10AAE0002146FFF751FF2369002B40D02246304614
:10AAF00003219847012002B070BD94F90020A0689E
:10AB0000002A08DB0028E8D01A462F4901930CF0F0
:10AB10000FFFA068019BE589E2881D44ADB218448F
:10AB2000AA42A060E58101D03F2B23D8236923B13D
:10AB3000234A02213046984788B194F90020002327
:10AB40009A42ACBF8021194630461A46FFF78CFE68
:10AB500068B91C4B1B68DB07BFD500BEBEE70146CA
:10AB6000304601F08FF83046802101F08BF801204B
:10AB700002B070BDA28994F90010531B9BB2402B08
:10AB800028BF402300290ADB95424FF0000112D074
:10AB90000D4A3046FFF768FE0028DAD0E7E7954215
:10ABA0000BD001461A46084801930CF0C1FE8021E3
:10ABB000054A019BEDE70A46EBE780210022E8E722
:10ABC00068730020F0ED00E02873002000B17047AA
:10ABD0000AF05EBA00B170470AF064BA0138C3B235
:10ABE000042B07D856230D4A03FB00F013181B79DA
:10ABF000DB0706D40A4B1B68DB0700D500BE00202C
:10AC00007047CB09363301F07F0103EB4101054B5F
:10AC100008441044196801F0CDBD00BF7C730020CA
:10AC2000F0ED00E02C7500200138C3B2042B07D8EA
:10AC300056230A4A03FB00F013181B79DB0701D4E3
:10AC400000207047CB09363301F07F0103EB41014F
:10AC5000034B08441044196801F0D8BD7C730020F0
:10AC60002C750020F0B5441EE5B2042D83B017D832
:10AC7000562505FB04F5174E01F07F0405EB44044F
:10AC8000344404EBD1143034A779FF070BD5124BB1
:10AC9000186810F0010001D000BE002003B0F0BD24
:10ACA000002003B0F0BD1F4613460A460146705D02
:10ACB000A579009745F00105A57100F0BDFB0028BE
:10ACC000ECD1A37960F30003A371A37960F382034D
:10ACD000A371E3E77C730020F0ED00E02DE9F0477D
:10ACE000764DAF798F4284B091461E4604465BD0C4
:10ACF000E2234FF0000AA9718DF809108DF8083091
:10AD0000ADF80CA0002E00F0B380012103AF0DF1CF
:10AD10000808FBF72BFE41463A4602232046FBF784
:10AD200053FE51462046FBF721FE9DF80C30EB7098
:10AD30002223D9F800908DF80730002E3ED020460F
:10AD40000121FBF713FE3A460DF1070101232046CE
:10AD5000FBF73AFE9DF80C30EB70494608230022C1
:10AD60002046FBF731FE20460021FBF7FFFD0026C1
:10AD7000102241F2F20320460121EA71ADF80830B9
:10AD8000ADF80C60FBF7F2FD3A464146022320463F
:10AD9000FBF71AFE31462046FBF7E8FD9DF80C3024
:10ADA000EB7004B0BDE8F087222303AF0DF1080873
:10ADB000D9F800908DF80730002EC0D14FF0FF3148
:10ADC000E86D08F0EFFD31462046FBF709FE20460E
:10ADD0000121FBF7CBFD3A460DF107010123204687
:10ADE000FBF7F2FD9DF80C30EB7032460823494624
:10ADF0002046FBF7E9FD31462046FBF7B7FD20462C
:10AE00000121FBF7EDFD334632463146E86D08F08F
:10AE1000ADF9102241F2F2034FF0FF31E86DEA7113
:10AE2000ADF80830ADF80C6008F0BCFD31462046A6
:10AE3000FBF7D6FD20460121FBF798FD3A46022399
:10AE400041462046FBF7C0FD31462046FBF78EFD0C
:10AE500020460121FBF7C4FD334632463146E86DFA
:10AE600008F084F99DF80C30EB7004B0BDE8F08771
:10AE70004FF0FF31E86D08F095FD31462046FBF7B5
:10AE8000AFFD03AF204601210DF10808FBF76EFD71
:10AE90003A46022341462046FBF796FD31462046BE
:10AEA000FBF764FD20460121FBF79AFD334632464D
:10AEB0003146E86D08F05AF937E700BF30750020D9
:10AEC0002DE9F04F4B781D070E4685B09046097866
:10AED000044662D1DA0600F14881B26812B1B28844
:10AEE000002A5AD1E24D03F02006AB7966F07F06C6
:10AEF0008B42F6B200F06481E2230027A9718DF83D
:10AF000009108DF80830ADF80C70B8F1000F00F0A2
:10AF10006C82012120460DF10C090DF1080AFBF7A6
:10AF200025FD51464A4602232046FBF74DFD394692
:10AF30002046FBF71BFD9DF80C30EB70F223EE7101
:10AF40008DF8096000268DF80830ADF80C60B8F176
:10AF5000000F40F0D980E86D4FF0FF3108F022FD7E
:10AF600041462046FBF73CFD20460121FBF7FEFC55
:10AF70004A46022351462046FBF726FD414620461D
:10AF8000FBF7F4FC20460121FBF72AFD434642462D
:10AF90004146E86D08F0EAF845E0B54D13F02007AA
:10AFA000AA7946D1914240F0BE800DF10C090DF115
:10AFB000080AB37813F0100F0CBF10222022EA23E6
:10AFC00000278DF809208DF80830ADF80C70B8F125
:10AFD000000F00F0FA8001212046FBF7C7FC022396
:10AFE0004A4651462046FBF7EFFC39462046FBF720
:10AFF000BDFC9DF80C30EB707378EB71F2220121EF
:10B0000020468DF809308DF80820ADF80C70FBF75C
:10B01000ADFC51464A4602232046FBF7D5FC394693
:10B020002046FBF7A3FC9DF80C30EB7005B0BDE8A3
:10B03000F08F914240F0A1800DF10C090DF1080A4A
:10B04000B37813F0100F0CBF40228022EA230027B0
:10B050008DF809208DF80830ADF80C70B8F1000FAC
:10B0600000F0E48001212046FBF780FC51460223DA
:10B070004A462046FBF7A8FC39462046FBF776FCFB
:10B080009DF80C30EB7032882B899A422AD0B78811
:10B09000F2887388BF1ABFB25B099F4228BF1F4660
:10B0A00017F0FF0740F008813A23AF708DF8097060
:10B0B00000278DF80830ADF80C70B8F1000F00F0E3
:10B0C000D98001212046FBF751FC514602234A4614
:10B0D0002046FBF779FC39462046FBF747FC9DF8F4
:10B0E0000C30EB7033782B7273786B727378EB7172
:10B0F000F22200268DF809308DF80820ADF80C609A
:10B10000B8F1000F3FF427AF20460121FBF72EFCDA
:10B1100051464A4602232046FBF756FC314620465C
:10B12000FBF724FC7FE7E223A9718DF80910ADF845
:10B130000C708DF80830B8F1000F00F0DE800121AE
:10B1400020460DF10C090DF1080AFBF70FFC5146E2
:10B150004A4602232046FBF737FC39462046FBF7D8
:10B1600005FC9DF80C30EB7023E7434606F108021E
:10B17000FFF7B4FD05B0BDE8F08FE2230027A97109
:10B180008DF809108DF80830ADF80C70B8F1000F8B
:10B1900000F0D980012120460DF10C090DF1080ABB
:10B1A000FBF7E4FB51464A4602232046FBF70CFC22
:10B1B00039462046FBF7DAFB9DF80C30EB703FE791
:10B1C0000DF10C090DF1080AB8E64FF0FF31E86DFA
:10B1D00008F0E8FB41462046FBF702FC012120462F
:10B1E000FBF7C4FB02234A4651462046FBF7ECFB23
:10B1F00041462046FBF7BAFB01212046FBF7F0FB56
:10B20000434642464146E86D07F0B0FF9DF80C30DA
:10B21000EB707378E86DEB71F2224FF0FF318DF82F
:10B220000930ADF80C808DF8082097E64FF0FF311B
:10B23000E86D08F0B7FB41462046FBF7D1FB2046FE
:10B240000121FBF793FB4A46022351462046FBF7B8
:10B25000BBFB41462046FBF789FB20460121FBF75B
:10B26000BFFB434642464146E86D07F07FFF07E7D4
:10B27000307500204FF0FF31E86D08F093FB414638
:10B280002046FBF7ADFB20460121FBF76FFB4A464A
:10B29000022351462046FBF797FB41462046FBF729
:10B2A00065FB20460121FBF79BFB43464246414696
:10B2B000E86D07F05BFF12E712238DF80730D6F830
:10B2C00008B0B8F1000F64D020460121FBF74EFB17
:10B2D0004A460DF1070101232046FBF775FB9DF857
:10B2E0000C30EB7059463B4600222046FBF76CFBC6
:10B2F00000212046FBF73AFBD6E64FF0FF31E86D20
:10B3000008F050FB41462046FBF76AFB0DF10C09A3
:10B31000204601210DF1080AFBF728FB4A460223CB
:10B3200051462046FBF750FB41462046FBF71EFBEB
:10B3300020460121FBF754FB434642464146E86D57
:10B3400007F014FF0DE74FF0FF31E86D08F02AFB1E
:10B3500041462046FBF744FB0DF10C092046012134
:10B360000DF1080AFBF702FB4A460223514620462C
:10B37000FBF72AFB41462046FBF7F8FA204601215D
:10B38000FBF72EFB434642464146E86D07F0EEFED2
:10B3900012E74FF0FF31E86D08F004FB414620460C
:10B3A000FBF71EFB20460121FBF7E0FA4A460DF1B0
:10B3B000070101232046FBF707FB9DF80C30EB70DB
:10B3C00042463B4659462046FBF7FEFA4146204698
:10B3D000FBF7CCFA20460121FBF702FB434642462D
:10B3E0004146E86D07F0C2FE5EE64FF0FF31E86DC2
:10B3F00008F0D8FA41462046FBF7F2FA0DF10C09A5
:10B40000204601210DF1080AFBF7B0FA4A46022353
:10B4100051462046FBF7D8FA41462046FBF7A6FAEC
:10B4200020460121FBF7DCFA434642464146E86DDF
:10B4300007F09CFE7FE500BF2DE9F04102F07F0C94
:10B44000BDF818E0D20981BBBCF1000F5ED13E4EC1
:10B45000A6F160077178B47882F0010262F34511B9
:10B460000A466FF3041244F010017270B170B278A2
:10B47000B360032363F3030200258046A6F804E0CB
:10B48000B270F5802846FFF7A1FBBC7AC4BB01254A
:10B490002046BD72FFF79EFB2246404631462C46B1
:10B4A000FFF70EFD2046BDE8F08182F00108BCF1F7
:10B4B000000F2ED0254F01223C4604E00132142A11
:10B4C00004F10C0418D094F86C508D42F6D102EBC4
:10B4D000420507EB850595F8615005F00F066645B6
:10B4E000ECD1C5F34015454504F16C06BFD00132DF
:10B4F000142A04F10C04E6D100242046BDE8F081B2
:10B500002846FFF767FB2046BDE8F08182F001087E
:10B51000D0E70E4F01243D4602E00134142CEBD05D
:10B5200095F86C608E4205F10C05F6D104EB4406EB
:10B53000B60007EB060C9CF861C01CF00F0FECD1B5
:10B5400060363E4486E700BF9075002030750020CD
:10B5500042DF704743DF704744DF704712DF7047B8
:10B56000F0B5334CBFF35B8F014604F590730125B2
:10B57000D3E84F2FC3E8405F0028F9D1BFF35B8FBA
:10B5800012F0FF0F48D1082929D04E01A21954F812
:10B5900006C028489388284F01F5947601EB810E68
:10B5A00050F82660D2889A1A93B2B6B200EB8E0297
:10B5B00009B2B34228BF3346C2F800C707EB810087
:10B5C000C2F8043747F82150BFF36F8FBFF34F8F96
:10B5D0001A4B984218D0043B984215D0F0BD154B39
:10B5E000D3F8C024D1030FD494F80B1161B11449DE
:10B5F000D4F80001C3F8A007C3F8A4270D60BFF377
:10B600006F8FBFF34F8FF0BD0023BFF35B8F84F8C4
:10B610002031BFF35B8FF0BD0A4B0B485A68C2F371
:10B620000802003218BF0122BDE8F040FFF794B8CD
:10B630008076002000700240287002405070024066
:10B640004870024000ED00E0C1B60200174BBFF3A6
:10B650005B8F01460122D3E84F0FC3E84C2FBCF1AA
:10B66000000FF8D1BFF35B8F10F0FF0F14D10A6009
:10B67000BFF36F8FBFF34F8F0D4B994203D0043B45
:10B68000994200D070470B4BBFF35B8F002283F8C9
:10B690002021BFF35B8F7047074B08485A68C2F3FD
:10B6A0000802003218BF0122FFF756B8A077002029
:10B6B000507002408076002000ED00E04DB60200A0
:10B6C000F0B5334CBFF35B8FC1B204F59073012624
:10B6D000D3E84F2FC3E8406F0028F9D1BFF35B8F49
:10B6E00012F0FF0F47D1082928D04D01621954F8F4
:10B6F00005E028489388DFF8B0C001F5947550F84C
:10B700002570D2888D009A1A93B2BFB26A1800EBE6
:10B710008202BB4228BF3B46C2F800E76544C2F83C
:10B7200004374CF82160BFF36F8FBFF34F8F1A4B74
:10B730009D4218D0043B9D4215D0F0BD154BD3F867
:10B74000C024D1030FD494F80B1161B11349D4F87C
:10B750000001C3F8A007C3F8A4270E60BFF36F8FE2
:10B76000BFF34F8FF0BD0023BFF35B8F84F8203110
:10B77000BFF35B8FF0BD0A4B0A485A68C2F3080258
:10B78000003218BF0122BDE8F040FEF7E5BF00BF60
:10B7900080760020007002405070024048700240E5
:10B7A00000ED00E0C1B602002870024001207047A1
:10B7B000014B80225A60704700E100E0074BD3F84C
:10B7C0000014D3F8002400200A434FF48001C3F88A
:10B7D0000024C3F85801C3F80413704700700240F6
:10B7E000074B4FF4001229B9C3F80823054B83F81F
:10B7F00021117047C3F80423024B83F821117047CD
:10B80000007002408076002070B48A788C88414EA7
:10B81000C97802F07F03D50905EB430006EB001061
:10B8200001F00301C4F30A04012904812BD0012192
:10B8300001FA03F4BDB1384802339940C0F804134B
:10B84000D0F810352343C0F81035334B42F48071E3
:10B85000C3F81825C3F80C15BFF36F8FBFF34F8FD4
:10B86000012070BC70472C4803F10C06B140C0F8B1
:10B870000413D0F8141503F594730C43C0F8144561
:10B8800040F82350E1E7082B08D0244B186810F04B
:10B890000100E6D000BE002070BC7047EDB9B6F8DC
:10B8A00018311BB11C4B8022C3F81C251A4A0023F7
:10B8B000C2F85031D2F8003313F4001308BFC2F8B5
:10B8C0005431154B4FF44012C3F80423D3F8142518
:10B8D00042F48072C3F81425BEE7B6F808210E4B77
:10B8E0000021C3F82C1112B18022C3F81C250A4A8A
:10B8F000D2F8003313F4001308BFC2F85431064BDA
:10B90000074AC3F80423D3F8102542F48072C3F821
:10B910001025A1E78076002000700240F0ED00E0E5
:10B92000000820001F4B80222DE9F041C3F884203D
:10B93000BFF34F8FBFF36F8F01241B4D1B4FA046EA
:10B940000026A30004F10C02A11C03F1804303F5BF
:10B950001C3308FA01F108FA02F20A43C7F8082377
:10B9600028465E60013420229E6200210CF004F81B
:10B97000082C05F12005E4D10D4BC7F8083320222F
:10B98000C7F81C6500217E620A48BE640BF0F4FF14
:10B99000C7F81485C7F81085024B80225A60BDE8AD
:10B9A000F08100BF00E100E0A076002000700240BE
:10B9B000000830008077002001F07F02082A70B470
:10B9C0004FEAD11128D0012303FA02F0C043B1B1EC
:10B9D000294C951CAB40C4F80833D4F81055274BBC
:10B9E0002840C4F8100501EB420103EB01110023CC
:10B9F000CB72BFF36F8FBFF34F8F70BC70471E4C7D
:10BA000002F10C05AB40C4F80833D4F814551B4BB5
:10BA10002840C4F81405E6E7184B03EB0110002496
:10BA2000A0F808411448D1B14FF40064C0F80843AD
:10BA3000D0F8104524F48074C0F81045B3F81841CC
:10BA4000B3F808510C48EC424FF0000608BF4FF421
:10BA50000014C0F81C6508BFC0F80843C3E74FF4E2
:10BA60008014C0F80843D0F8144524F48074C0F85A
:10BA70001445C0F85011E1E70070024080760020C4
:10BA800001F07F004FEAD11CF0B50CEB4005744E7D
:10BA90002D01771985B0FC7A4CB1724B1C6814F0FB
:10BAA000010401D000BE0024204605B0F0BD04F022
:10BAB000FF0E7251BB80A7F806E0002843D1002B8F
:10BAC00057D0BCF1000F00F08E8006EB401100EB68
:10BAD0008003CD8A8A8A0C8B0969521B9B0092B223
:10BAE00003F1804303F51C33A24228BF22465E4D7A
:10BAF000C3F8001600B2C3F804265C4BBFF35B8F9B
:10BB000005EB80010122D3E84F4FC3E8472F002FF8
:10BB1000F9D1BFF35B8FE4B2002C40F0908045F880
:10BB20002020BFF36F8FBFF34F8F514B994202D04C
:10BB3000043B994219D1BFF35B8F002386F8203173
:10BB4000BFF35B8F11E0BCF1000FBED106EB4016D6
:10BB50000123F372BFF36F8FBFF34F8FB37A23B11B
:10BB6000F37A03F0FF04002B74D10124204605B0C2
:10BB7000F0BD404AD2F88024C2F3C0126245A0D082
:10BB80003D4D6A688DF80810C2F3080100314FF48A
:10BB9000E06218BF012101A803938DF80930ADF8C8
:10BBA0000420FEF755FCBFF35B8F06F5907201236E
:10BBB000D2E84F1FC2E8403F0028F9D1BFF35B8FA6
:10BBC000CCB2002C38D12A4A1360BFF36F8FBFF379
:10BBD0004F8F1C46BFF35B8F204686F82011BFF3C2
:10BBE0005B8F05B0F0BD0123204AF372BFF35B8F7A
:10BBF000D2E84F4FC2E8413F0029F9D1BFF35B8F34
:10BC0000E4B26CB91D4A1360BFF36F8FBFF34F8F5F
:10BC1000BFF35B8F86F820C11C46BFF35B8F43E701
:10BC2000154B16495A681648C2F30802003218BF6D
:10BC30000122FEF791FD37E76A680D49F3E70E4BE5
:10BC40000F485A68C2F30802003218BF0122FEF7FB
:10BC500083FD29E786F80AC0FFF782FC24E700BFCE
:10BC600080760020F0ED00E004700240A077002014
:10BC7000507002400070024000ED00E04C70024045
:10BC80004DB6020011F07F0008B512D008280BD085
:10BC90000E4B41F48072C909C3F8182504D10C4B2E
:10BCA00003EB40139A7A62B9BFF36F8FBFF34F8FE4
:10BCB00008BD064B01225A65BFF36F8FBFF34F8F4C
:10BCC00008BD9972FFF74CFCEEE700BF0070024020
:10BCD0008076002011F0770F12D00A4B41F4807269
:10BCE000C3F80C15C3F80C25CA09C3F8181504BF0E
:10BCF00001F5947143F82120BFF36F8FBFF34F8F8D
:10BD0000704700BF007002402DE9F04FA54BA64CD4
:10BD1000D3F8000300238BB01E461F46012520FAEE
:10BD200003F11A19C9074FEA820209D5116839B11E
:10BD300005FA03F117600E43BFF36F8FBFF34F8F08
:10BD40000133192BEBD1F20700F13582974D330502
:10BD500008D5944BD3F8A83601229BB2A5F816312A
:10BD600085F81C21B70206F4800424D58D4BD3F846
:10BD70001425D00540F1FC81002C00F0A182D3F8FD
:10BD80000024D20740F19C82D3F81035DA0540F147
:10BD9000FB8195F81C3107AF002B40F0BD82814B31
:10BDA000D3F82035089338464FF440730121ADF89D
:10BDB0001C30FEF74DFB04B37A4AD2F8004440F23F
:10BDC00001732340C2F80034E30500F15682670591
:10BDD00010D5744B0122C3F808259A65D3F80023C7
:10BDE00012F4001208BFC3F854216E4B4FF4001236
:10BDF000C3F80423A00500F1358231023DD5694B1B
:10BE0000D3F880C4D3F88414D3F888E4D3F88C74BE
:10BE1000D3F89084D3F89444D3F89804D3F89C24AE
:10BE20005FFA8CF35FFA80FCD0B25A06C9B25FFAAF
:10BE30008EFEFFB25FFA88F85FFA84F901D1052916
:10BE40001BD00024224668F3070263F3070461F362
:10BE50000F2469F30F226EF317446CF3174260F35B
:10BE60001F6267F31F644FF4C063012107A8CDE987
:10BE70000842ADF81C30FEF7EBFA4D4B3340002B77
:10BE800040F09181DFF82491464F4D46CA4609F5AE
:10BE9000907800241DE02B44DA7A002A00F0D78144
:10BEA000DA88AAF804200022DA72D98809914FF4BE
:10BEB000E063012107A88DF820B08DF82120ADF8AE
:10BEC0001C30FEF7C5FABBF1080F47D001340AF168
:10BED000200A04F10C0326FA03F3DB075FFA84FB64
:10BEE000F1D504EB840307EB8303DAF80020D3F8E1
:10BEF0000807630112FA80F2E918CAF80020CA881C
:10BF000080B2024492B2082CCA80C4D0BAF8082089
:10BF10008242C0D1CA88BAF804109142BBD9BBF1A1
:10BF2000000FD0D10122BFF35B8FD8E84F3FC8E8A4
:10BF3000412F0029F9D1BFF35B8F13F0FF0F40F0C1
:10BF400052821C490A60BFF36F8FBFF34F8FBFF35C
:10BF50005B8F85F82031BFF35B8FB7E7164B33401B
:10BF6000002B00F002810F4BD3F86C240192C3F830
:10BF70006C24BFF36F8FBFF34F8F16F4806600F011
:10BF80006E81D3F88024D3F8803483F08003C3F328
:10BF9000C0130593C2F3C0130493DFF808A0002474
:10BFA000A84613E000700240409C001080760020FC
:10BFB000FCFB1F004C70024000040001002C00F04C
:10BFC000F281072E52D0013409F120090199E14094
:10BFD00004EB8403C9070AEB830308EB4412E6B2BF
:10BFE000ECD5D3F80816D9F81070C9B20F44C9F8C7
:10BFF0001070D08A014489B2D182A849D08AB9F898
:10C00000145061188900854202914FF0010C66F0CE
:10C010007F0103914FF4E06B4FF0000E614607A8DB
:10C0200040F2B480D18AB9F81820C3F800766D1AAE
:10C03000ADB2954228BF1546994AC3F80456BFF3DE
:10C040005B8FD2E84F3FC2E841CF0029F9D1BFF35F
:10C050005B8F13F0FF0F40F0ED80029BC3F800C030
:10C06000BFF36F8FBFF34F8F072EACD1019BDB0364
:10C07000454601D4059B43B1EB7A23B1EB88AA88EE
:10C080009A4200F271810123AB72019B9F030BD591
:10C0900095F82B3023B1EB8CAA8C9A4200F2888160
:10C0A000012385F82A30019B5E030DD595F84B30AE
:10C0B00033B1B5F84630B5F844209A4200F27D819C
:10C0C000012385F84A30019B1C030DD595F86B3090
:10C0D00033B1B5F86630B5F864209A4200F27E813B
:10C0E000012385F86A30019BD8020DD595F88B3075
:10C0F00033B1B5F88630B5F884209A4200F2388121
:10C10000012385F88A30019B99020DD595F8AB3053
:10C1100033B1B5F8A630B5F8A4209A4200F22D81CB
:10C12000012385F8AA30019B5A020DD595F8CB3032
:10C1300033B1B5F8C630B5F8C4209A4200F2228176
:10C14000012385F8CA30019B1B020ED595F8EB3010
:10C15000002B00F0F380B5F8E630B5F8E4209A4201
:10C1600040F2EC800720FFF7FBF90BB0BDE8F08F41
:10C17000D3F81025D1053FF50CAE95F821211AB959
:10C180004FF40012C3F8082307AF08E6D38A0993D7
:10C190009DF80C30ADF81CB08DF820308DF821E002
:10C1A000FEF756F90DE70023BFF35B8F85F82031CA
:10C1B000BFF35B8F66E63B4B3B4A3C4D3C4800245B
:10C1C0000127C2F81475C2F81075546094625C605F
:10C1D0009C629C60DC62DC601C631C615C635C6173
:10C1E0009C639C61DC63DC611C6454629464C2F8EF
:10C1F0005841D2F80034D2F800140B43C2F800348E
:10C20000D2F80033C2F808332146C2F804032846A6
:10C210004FF492720BF0B0FB40234FF4807239461A
:10C2200007A82B832B818DF82040ADF81C20FEF74A
:10C230000FF98CE51F4B20485A680299C2F3080297
:10C24000B2EB0E0218BF0122FEF786FAB9E61B4BCD
:10C250001B68D80789D500BE0BB0BDE8F08FCDE9CB
:10C2600004669AE600220523012107A88DF81C2008
:10C270008DF81D30FEF7ECF8BFE50121C2F82C1552
:10C280000423002207A88DF81C208DF81D30FEF72E
:10C29000DFF867057FF5AEAD9BE500BF019C0010A0
:10C2A000A0770020047002400070024080760020D9
:10C2B0000514C00100ED00E04DB60200F0ED00E015
:10C2C0004F4BBFF35B8F0122D3E84F1FC3E8402FD2
:10C2D0000028F9D1BFF35B8F11F0FF0F32D1494B2A
:10C2E000D3F8C004C70352D495F80B1101F0FF072F
:10C2F000002967D04449D5F80071C3F8A077C3F886
:10C30000A4070A60BFF36F8FBFF34F8FD3F81035C8
:10C31000D8053FF53EAD37E7B5F816310993002251
:10C3200085F81C2188234FF4E06238460121ADF8DE
:10C330001C20ADF82030FEF78BF830E5012385F89E
:10C34000EA3012E7314B32485A68C2F30802003231
:10C3500018BF01220821FEF7FFF92A4BD3F8103548
:10C36000DB053FF516AD0FE70020FFF7F9F88CE687
:10C370000420FFF7F5F8019BC6E60520FFF7F0F86B
:10C38000019BD1E60620FFF7EBF8019BDCE6BFF34B
:10C390005B8F85F82011BFF35B8FD3F81035DF0575
:10C3A0003FF5F7ACF0E6049900293FF40CAE18E62F
:10C3B0000120FFF7D5F8019B76E60220FFF7D0F8C1
:10C3C000019B81E6BFF35B8F85F82071BFF35B8F24
:10C3D000D3F81035D9053FF5DCACD5E60320FFF7DF
:10C3E000BFF8019B80E6094B0A485A680A49C2F324
:10C3F0000802003218BF0122FEF7AEF966E500BF61
:10C40000A0770020007002404870024000ED00E07C
:10C41000C1B602004DB602004C70024030B5012892
:10C4200085B000F09F8057D3022840D1BA4BD3F893
:10C430000435002B40F0D780B74AD2F800341C05F1
:10C44000FBD54FF40063C2F80034BFF36F8FBFF326
:10C450004F8FB24AB24B12681B68082A00F0D7808F
:10C46000AD4BB04D80240122C3F81C45C3F8042312
:10C47000C5F88441FDF7D8FA002840F0F880AA4DAD
:10C4800043F204044FF080432268AA4211D0D3F84B
:10C490000C14D3F80C24D003F6D5CA07F4D59E4B60
:10C4A0000122C3F80425BFF36F8FBFF34F8F05B090
:10C4B00030BD04AA002102F80C1D1046FFF74EF80B
:10C4C0009DF804000028E2D010460191FFF744F8DF
:10C4D000019A002AD8D0E2E78F4BD3F80025002A32
:10C4E000E5D14FF480014FF40062C3F80813C3F89C
:10C4F0000024BFF36F8FBFF34F8F884B1B68082B4F
:10C5000000F0B780844B0122C3F80025BFF36F8F82
:10C51000BFF34F8F43F2040203F18D5303F57723EA
:10C52000126803F2DB539A4200F0CA804FF0804356
:10C53000D3F80C24D3F80C34D90301D5D207B6D4E0
:10C5400043F20402784B12689A4200F01881774B4C
:10C5500000221A601B6801934FF080430122019969
:10C560001A60A4E76C4BD3F80025002A9FD0002264
:10C57000C3F80425BFF36F8FBFF34F8F6949802045
:10C58000C1F88400BFF34F8FBFF36F8FD3F8001350
:10C59000C3F80813C3F80025BFF36F8FBFF34F8FA5
:10C5A00043F2040103F18D5303F57723096803F285
:10C5B000DB53994200F0998001AB5D4A0121116083
:10C5C0005C4A5168C1F30801003118464FF000027F
:10C5D0004FF0020318BF01218DF804208DF80530BB
:10C5E000FDF736FF63E743F204024F4B12689A42AD
:10C5F00000F0B0804FF08043D3F80C24D3F80C3413
:10C60000DB037FF519AFD5077FF516AF4FE7032B97
:10C610000AD8494A1168002940F09880474C49F2ED
:10C6200075301060216010605A1E022A10D8424AEC
:10C630001168002967D1424D3848394B00681B68A2
:10C6400049F2753414602960146008287FF408AF3B
:10C65000032B3FF605AF3B493B4B40F2E3704022D2
:10C6600008601A60BFF36F8FBFF34F8FF8E66C60FE
:10C6700005E72B4B1B685A1E022A12D82E4B1A684C
:10C68000002A40F08E802E4949F2753203201A604C
:10C6900008601A60214A224B12681B68082A7FF43E
:10C6A00031AF032B3FF62EAF234B1A68002A74D10B
:10C6B000224949F27532C0201A6008601A6021E7E9
:10C6C00004AB002203F80C2D1846FEF747FF9DF837
:10C6D000041000293FF42AAF18460192FEF73CFFF0
:10C6E000019B002B7FF4E3AE2AE704AB03F80C2D8B
:10C6F0001846FEF733FF9DF80420002A3FF45DAF93
:10C70000FEF728FF5CE70549054B0D4A08681B68E2
:10C710000021116099E700BF007002403001001055
:10C720003401001000E100E0DBE5B1510001004000
:10C730000400004000ED00E000EC064014EC064070
:10C7400014ED06400078024004780240174A0021A8
:10C75000116069E704AB002203F80C2D1846FEF7C0
:10C76000FDFE9DF8041000293FF444AF18460192E5
:10C77000FEF7F2FE019B002B7FF499AE5CE604A865
:10C78000002300F80C3DFEF7E9FE9DF80430002B75
:10C790003FF4DDAEFEF7DCFE89E6044BC0221A60F2
:10C7A000B0E6034B03221A6074E700BF14EC0640A6
:10C7B00014ED0640F8B5037813F0010405D10678AE
:10C7C000C6F3800626B12046F8BD00242046F8BDF9
:10C7D0000F4605464FF0FF31384607F0E3F82A7858
:10C7E00012F001040FD12B785B0704D42B7843F0AF
:10C7F00004032B700124002338461A46194606F01C
:10C80000B5FC2046F8BD3446F5E700BF70B50546D7
:10C810000E4608464FF0FF3107F0C4F82878C0F301
:10C82000800444B90024002330461A46194606F015
:10C830009DFC204670BD2B7813F00102F2D12B78BD
:10C8400062F382032B70EEE710B4C378848803F0A0
:10C850000303022BC4F30A0426D019D8012B04D0F9
:10C86000002318465DF8044B7047022940F2FF325E
:10C8700008BF4FF48062A242F3D21A4B1B6813F038
:10C880000103EED000BE002318465DF8044B70474C
:10C89000022914BF40234FF48063A342EDD3012348
:10C8A00018465DF8044B704702290BD012B1B4F55D
:10C8B000007F11D0A4F108039BB2182B06D9402C9D
:10C8C000EDD0DAE7B4F5007FD7D1E8E7064A22FADF
:10C8D00003F3DB07D1D5E2E700244021134644717E
:10C8E0000171BEE7F0ED00E0010100010A44914250
:10C8F00016D230B44C78052C05D00C7821448A42ED
:10C90000F8D830BC70478C7804F07F0500EB450503
:10C91000E4092B550C7821448A42EBD830BC70478F
:10C92000704700BF2DE9F04182B00678089DBDF840
:10C930002470009361F300060446294600F8086B52
:10C94000012316463A46BDF82C80FCF76DFE05B172
:10C950003FB90A9B63600120A4F8028002B0BDE8E1
:10C96000F08104F11C01012006F0DAFD26B903462E
:10C970003046C4E90503ECE70023FAE710B50446A6
:10C98000406908B107F0C4F9A06908B107F0C0F91F
:10C99000012010BDF0B50B460D4613F8081B83B0FF
:10C9A00011F0020F0746184640F2FF130CBF3F2458
:10C9B0001C461646FCF774FEE8B9E6B126421AD1C9
:10C9C0002B786978DA07384618D5FEF707F990B161
:10C9D0002B78697813F0010313D000233846CDE992
:10C9E00000331A46FEF73EF930B9084B1B68DB07E7
:10C9F00001D500BE00E0002003B0F0BDFDF714FF3C
:10CA0000E5E738461A46FDF72FFFEDE7F0ED00E0C9
:10CA100070B501F1080582B0064628460C46FCF7C1
:10CA20003FFE38B123786178DB07304605D5FEF745
:10CA3000D5F830B9002002B070BDFDF7F5FE002832
:10CA4000F8D0284662886168FCF754FE054690B12C
:10CA5000237862686178D80717D50023CDE90033C1
:10CA600030462B46FEF7FEF8B0B90C4B1B68DB07CF
:10CA7000E0D500BEDFE72078617810F00104304691
:10CA800008D1FDF7E1FE2046D5E730462B46FDF7FD
:10CA9000EBFEE9E7FEF7C8F82846CCE7F0ED00E04A
:10CAA0002DE9F0418A890B7882B00C460646E2B93E
:10CAB000DD07497857D5FEF791F800284FD0227846
:10CAC00063886178D20751D5002B5DD0626800255C
:10CAD0003046CDE90055FEF7C5F800284DD1374B5B
:10CAE0001B68DB073BD500BE3AE003F0020301F10F
:10CAF0000808002B40460CBF40274FF40077304D0C
:10CB000008BF6FF03F05FCF7E3FD874227D8237885
:10CB10006178DB07304634D5FEF760F8F8B140465F
:10CB2000FCF7D6FD874233D805EA000265882378F2
:10CB3000617890B2854228BF0546DA0732D5002DCC
:10CB400037D062680023CDE9003330462B46FEF72C
:10CB500089F80028C3D0284602E0FEF765F80020D7
:10CB600002B0BDE8F081FDF75FFEA6E773B1626831
:10CB70003046FDF779FE0028B1D0608802B0BDE8EC
:10CB8000F081FDF751FEC9E71A46A0E71A46EFE724
:10CB90002078617810F001043046DED1FDF754FEB4
:10CBA0002046DDE73DB1626830462B46FDF75CFE6E
:10CBB000CFE72A46C6E72A46F6E700BFF0ED00E0D9
:10CBC00000FEFFFF10B54FF4E13184B01E48F9F7C5
:10CBD000E5FC00F0E7F80121042009F007FC012141
:10CBE000052009F003FC0021042009F083FC00214A
:10CBF000052009F07FFC1549134805F073FD0E214F
:10CC0000082200238DE80E009FED111ADFED110AB6
:10CC10009FED110A114812230522092101F0F6FAAD
:10CC200030B90F49084804B0BDE8104005F06CBDAC
:10CC300004460C49044805F055FD21460A220248E5
:10CC400005F092FDFEE700BF486300201C9703003B
:10CC5000CDCCCC3F0000FA4200405844A4770020DD
:10CC6000389703004497030010B5482082B008F0BD
:10CC700027FC0B23009309220A230821044600F015
:10CC800091FA0348214602B0BDE8104001F046BACF
:10CC9000A477002010B53A493A488CB005F04CFD15
:10CCA00000F08CF841F2883006F084F92822002147
:10CCB00002A80AF061FE344A1388ADF80730013348
:10CCC000002101A81380012465224FF6FF738DF81F
:10CCD0000520ADF80C308DF806108DF8044000F0FA
:10CCE000A1F800F08DF82949264805F025FDBDF989
:10CCF0000E30BDF91000BDF9121040F6E342934228
:10CD0000D4BF002301239042C8BF234691422BDDAC
:10CD10001F491C4805F010FD0121052009F0EAFB20
:10CD20004FF4FA6006F046F90021052009F0E2FB15
:10CD30001849144805F000FD01A900232C221648CB
:10CD400001F032FD18B915490E4805F0DDFC144913
:10CD50000C4805F0F1FC104801F03AFC4EF660205A
:10CD600006F028F90CB010BDBDF914109142CFDCCB
:10CD7000BDF916109142CBDC002BD9D0C8E700BF1B
:10CD8000B09603004863002010790020C09603008D
:10CD9000D0960300F4960300A477002000970300C8
:10CDA0000C97030008B50121022009F01FFB0021A8
:10CDB0000220BDE8084009F09DBB00BF38B5012145
:10CDC0000C4D0D4C022009F095FB642006F0F2F8A2
:10CDD000284605F0CFF9094804F068FF29462046A7
:10CDE00005F076FB204605F007FC2046BDE83840FC
:10CDF00005F070BB6079002048790020147900208C
:10CE000008B5064805F0F8FB054805F017FA0021BB
:10CE10000220BDE8084009F06DBB00BF4879002042
:10CE20006079002030B52DED048B85B005463A4978
:10CE30009FED3A8A9FED3A9ADFED3A8A02A805F013
:10CE40004DF80024E1B2344805F096F8B4EE480AF3
:10CE50000123F1EE10FA03FA04F235D0B4EE490AD8
:10CE6000F1EE10FA20EE280A2ED0BDEEC00A10EE28
:10CE7000103A1BB205EB44020134052C5381E1D179
:10CE80000F2009F0DDF904A900220023E88301F84E
:10CE90000F2D2548ADF802200193029305F0CCFB3D
:10CEA00010B99DF80130B3B995F826304FF0FF3234
:10CEB00043F0200385F8263085F8242085F82520C6
:10CEC00005B0BDEC048B30BD95F82610174B0A4316
:10CED00085F82620CEE702AB01AA0DF10201124827
:10CEE00005F01AFB0028DFD1DFED0E6A9DED017A17
:10CEF000DDED027ABDF80230AB8427EE267A67EECC
:10CF0000A67ABDEEC77AFCEEE77A17EE103AAB824E
:10CF100017EE903AEB82D3E7147900200000FEC2AE
:10CF20000000AA420000C842487900200080FFFFAC
:10CF300010B5074C0121204604F09CFB2146054812
:10CF400004F0A4FE0448BDE8104005F0BDBA00BFDF
:10CF5000347900201479002048790020437C03B103
:10CF6000704730B5012285B042740321FF2201933E
:10CF700004468DF803208DF806208DF80510827B7D
:10CF8000417B8DF800204FF080451A4602958DF8C0
:10CF90000110057BC3736946037403938DF8025037
:10CFA00008F066FBA37B1F2B86BF03F01F030C4A10
:10CFB0004FF0A04203F5E07340F2013142F8231034
:10CFC000637B1F2B86BF03F01F0305494FF0A04171
:10CFD00003F5E07340F2033241F8232005B030BD81
:10CFE0000003005010B5044608F08AFC0023637467
:10CFF00010BD00BF10B483B002AB03E906009DF87A
:10D0000005309DF80410026813F1FF3318BF0123A7
:10D0100000240229C2F800451C460374C17332D0B3
:10D0200003292DD0012925D0224B0099B3FBF1F320
:10D03000B3F5007FC2F854451FD2FF2B0FD87F2BCA
:10D0400024D83F2B25D81F2B26D80F2B27D8072BCA
:10D0500002D819498A4225D04FF0004101E04FF033
:10D0600080610723C2F82415C2F8003503B05DF8CB
:10D07000044B704743F00204D6E74FF00071F0E72D
:10D0800043F00604D0E743F00404CDE74FF000611D
:10D09000E7E74FF08051E4E74FF00051E1E74FF050
:10D0A0008041DEE7042B34BF4FF0A0514FF02061E8
:10D0B000D7E700BF0090D00300F0024003680022D1
:10D0C000C3F80025704700BF002B3AD02DE9F04788
:10D0D000814684B00D4617461E464FF6FF784FF046
:10D0E000000A4645344628BF4446002D14BF234657
:10D0F000002300950297361B01938FB100226946E9
:10D100004846039408F05EFC05B125442744002EF0
:10D11000E7D104B0BDE8F087CDE900550295361B94
:10D12000002269464846CDF80CA008F04BFC4DB9EA
:10D130004645344628BF4446002EEDD104B0BDE834
:10D14000F08770472544002ECBD1E2E710B586B0BA
:10D1500006AB012403F8111D002202A90293CDE9B8
:10D160000343059408F02EFC9DF8070006B010BD9F
:10D17000094A0A4B30B4D2E91910146E1C7300220C
:10D180000124074D1C7198735973DA731A741D606A
:10D190005A749A6030BC7047F49A03004C790020AE
:10D1A00000F002402DE9F047154D089EAC460746B9
:10D1B0008A4691469846BCE80F003C464FF0000E68
:10D1C00044F804EB0FC49CE807001C3584E8070012
:10D1D0000FCD07F13004C7E908A9C7F82880FE621F
:10D1E0000FC42B6823602C20C7F844E008F068F9CE
:10D1F000044604F0B5F93C603846BDE8F08700BF4E
:10D200005497030010B5044600680368DB6B984729
:10D210002068216A036882681B6898472068216A31
:10D22000036802695B68BDE810401847006803683E
:10D230001B6C18472DE9F04F057C83B00446407CF9
:10D240000D9F0C9E0196ED0805EBD0053D44284648
:10D25000894690469B4608F035F90646284608F070
:10D2600031F98246207C08285FFA89F35FFA88F159
:10D2700032D843EA0102638932704B4506F101005E
:10D2800034D03A46A1890AF077FB20680368DB6A4C
:10D2900098472068216A0368C2685B6898472068DD
:10D2A00003682A4631461D6B5346A8472068216A09
:10D2B000036802695B689847206803685B6B98475E
:10D2C00023894B4517D0304608F0FEF8504603B08E
:10D2D000BDE8F04F08F0F8B843EA1822638971708E
:10D2E000D2B24B4506F102003270CAD159463A46D5
:10D2F0000AF01EFBC9E7217C01983A460AEBD101EE
:10D300000AF016FBDFE700BF2DE9F04F83B00446BB
:10D31000DDF83080807C9DF83450019502EB0805E3
:10D3200005EBD00528469DF838A0009117469B468E
:10D3300008F0C8F8814647B17E1EF6B20136009962
:10D3400032460AF0F5FA09EB0600A27CA18908EB47
:10D35000D2020AF011FBE36A20680133036800F08F
:10D360009380DB69984706460CE020680368DB6C15
:10D37000984720680368DB699847E369801B9842F7
:10D3800080F086802068E16A03689B6898470028DF
:10D39000EBD1284608F096F8064620680368DB6A59
:10D3A00098472068216A0368C2685B6898472068CC
:10D3B00003682A4649461D6B3346A8472068216A00
:10D3C000036802695B689847206803685B6B98474D
:10D3D000019B03B3E36A20680133026861D093695B
:10D3E0000121984720680368DB69984705460BE0F0
:10D3F00020680368DB6C984720680368DB699847FE
:10D40000E369401B984253D22068E16A03689B6835
:10D4100098470028ECD1636903B3B8F1000F1DD021
:10D42000E27CB05C9847A17C07EBD10105464246FF
:10D43000314458460AF07CFA484608F045F8304630
:10D4400008F042F8E5B9BAF1000F18D0A569BDB1EE
:10D4500020462B4603B0BDE8F04F1847A17C07EBF0
:10D46000D1014246314458460AF062FA484608F073
:10D470002BF8304608F028F8BAF1000FE6D15546EF
:10D48000284603B0BDE8F08F5B693221984780E7FA
:10D49000484608F019F86FF43075284603B0BDE827
:10D4A000F08F5369012198476369002BB5D1D5E707
:10D4B000484608F009F8304608F006F86FF4307571
:10D4C000284603B0BDE8F08F90F811C02DE9F04F69
:10D4D00004464FFA8CF00028B8BF07301D46C31031
:10D4E000013B83B05BB2002B9DF830709DF8346037
:10D4F00090460CDBDA0001A8013B5BB241FA02FE68
:10D50000B3F1FF3F00F801EBA2F10802F4D14FEABA
:10D51000DC0B0BEB050A504607F0D4FF8146BBF14C
:10D52000000F09D001AA12F8013B00F8013BA0EB63
:10D530000903DBB29B45F6D841462A460AF0F8F9C2
:10D54000E36A2068013303687ED0DB699847804630
:10D550000CE020680368DB6C984720680368DB698F
:10D560009847E369A0EB0800984271D22068E16A0D
:10D5700003689B6898470028EBD1504607F0A2FF4C
:10D58000804620680368DB6A98472068216A036840
:10D59000C2685B6898472068036852464946D3F8DA
:10D5A00030A04346D0472068216A036802695B685F
:10D5B0009847206803685B6B984707B3E36A206865
:10D5C000013302684DD093690121984720680368B0
:10D5D000DB69984707460BE020680368DB6C9847D7
:10D5E00020680368DB699847E369C01B98423FD213
:10D5F0002068E16A03689B6898470028ECD163695A
:10D60000ABB1A5B1E27C18F8020098470546484640
:10D6100007F05AFF404607F057FF8DB97EB1A56964
:10D6200075B120462B4603B0BDE8F04F1847484679
:10D6300007F04AFF404607F047FF002EEFD135467E
:10D64000284603B0BDE8F08F5B693221984794E724
:10D65000484607F039FF6FF43075284603B0BDE83F
:10D66000F08F5369012198476369002BC9D1DEE728
:10D67000484607F029FF404607F026FF6FF4307553
:10D68000284603B0BDE8F08F2DE9F04F83B0044683
:10D690000C9F9DF834A09DF83890019102EB07088B
:10D6A000404615469B4607F00DFF06463DB1013D3D
:10D6B000EDB2013501992A460AF03AF97019594636
:10D6C0003A460AF035F9E36A20680133036800F04E
:10D6D0008380DB69984705460BE020680368DB6CB4
:10D6E000984720680368DB699847E369401B9842C4
:10D6F00076D22068E16A03689B6898470028ECD1DD
:10D70000404607F0DFFE054620680368DB6A98475D
:10D710002068216A0368C2685B68984720680368CC
:10D7200042463146D3F830802B46C0472068216AF4
:10D73000036802695B689847206803685B6B9847D9
:10D74000BAF1000F21D0E36A20680133026850D09B
:10D7500093690121984720680368DB6998478046F0
:10D760000CE020680368DB6C984720680368DB697D
:10D770009847E369A0EB0800984241D22068E16A2B
:10D7800003689B6898470028EBD16369B3B1AFB1D8
:10D79000E27CA85C98470746304607F095FE28468D
:10D7A00007F092FEA7B9B9F1000F10D0A7697FB1B9
:10D7B00020463B4603B0BDE8F04F1847304607F01F
:10D7C00083FE284607F080FEB9F1000FEED14F46E8
:10D7D000384603B0BDE8F08F5B69322198478FE788
:10D7E000304607F071FE6FF43077384603B0BDE87D
:10D7F000F08F5369012198476369002BC7D1DDE79A
:10D80000304607F061FE284607F05EFE6FF4307781
:10D81000384603B0BDE8F08F2DE9F04F85B01546CE
:10D82000109A9DF8444002948A460446AF1801932A
:10D83000002B40F0F180837C07EBD307384607F0DC
:10D8400041FE0646002D6BD046EA0A035A0740F017
:10D8500002810B2D40F2FF80002D14BF2B460123C7
:10D8600003934FEAD30B721CAAF1080C3146002334
:10D87000FCE9028901335FFA83FE1046F345E1E8D3
:10D88000028900F1070002F10802F1D8039901F0C2
:10D89000F8038B4206EB03023BD003F1010C5FFA65
:10D8A0008CFC1AF80310F154AC4502F1010030D29F
:10D8B000991CC9B21AF80C0050708D4202F1020096
:10D8C00027D9D81C1AF801109170C1B28D4202F10B
:10D8D00003001ED9181D1AF80110D170C1B28D4273
:10D8E00002F1040015D9581D1AF801101171C1B2C6
:10D8F0008D4202F105000CD90633DBB21AF8011093
:10D9000051719D4202F1060003D91AF80330937158
:10D91000D01D019B23B1109A0E990AF009F806E078
:10D92000A27C109BA18903EBD2020AF025F8E26ADF
:10D9300020680132036878D0DB69984780460CE0A4
:10D9400020680368DB6C984720680368DB699847A8
:10D95000E369A0EB080098426BD22068E16A036893
:10D960009B6898470028EBD1384607F0ABFD80460E
:10D9700020680368DB6A98472068216A0368C268E8
:10D980005B689847206803683A4631461F6B4346F8
:10D99000B8472068216A036802695B689847206875
:10D9A00003685B6B9847029B03B3E36A206801330B
:10D9B00002685CD093690121984720680368DB699D
:10D9C000984707460BE020680368DB6C984720689F
:10D9D0000368DB699847E369C01B98424ED2206810
:10D9E000E16A03689B6898470028ECD167693FB1FA
:10D9F000109B002B4ED0E37C18F80300B847074675
:10DA0000019BFBB1304607F05FFD404607F05CFD2F
:10DA1000384605B0BDE8F08F384607F053FD06469E
:10DA2000002D7FF411AF304675E75B6932219847CE
:10DA30009AE7304607F048FD6FF43077384605B076
:10DA4000BDE8F08FA17C05EBD1014144DDE90F0277
:10DA500009F06EFFD6E70AF1FF3A30461AF8013FA7
:10DA600000F8013B831BDBB29D42F7D851E75369B5
:10DA7000012198476769002FBAD1C1E7304607F006
:10DA800023FD404607F020FD6FF43077384605B09F
:10DA9000BDE8F08F1F46B3E72DE9F041067986B067
:10DAA00005460C46002E3FD0477C78B20028B8BF10
:10DAB0000730C010013840B2002804A93EDBB5F899
:10DAC00008800E464FEAC00C013840B248FA0CFEFE
:10DAD000B0F1FF3F06F801EBACF1080CF4D195F87A
:10DAE00010E04FEADE0E0EF1FF3040B2B0F1FF3F22
:10DAF0000BD0013E4FEAC00C013840B224FA0CFCB6
:10DB0000B0F1FF3F06F801CFF4D1002401260292C4
:10DB100001930EEBD7022846039600942346FFF7A5
:10DB20007BFE06B0BDE8F0810189CDE900323346C5
:10DB30002246FFF77FFB06B0BDE8F0810E46CEE738
:10DB40002DE9F041067986B005460C46002E3FD0FF
:10DB5000477C78B20028B8BF0730C010013840B207
:10DB6000002804A93EDBB5F80A800E464FEAC00C37
:10DB7000013840B248FA0CFEB0F1FF3F06F801EB65
:10DB8000ACF1080CF4D195F810E04FEADE0E0EF17E
:10DB9000FF3040B2B0F1FF3F0BD0013E4FEAC00C66
:10DBA000013840B224FA0CFCB0F1FF3F06F801CF77
:10DBB000F4D1012400260293009228460EEBD702EE
:10DBC000039423460196FFF727FE06B0BDE8F081D7
:10DBD0004189CDE9006313462246FFF72BFB06B0CF
:10DBE000BDE8F0810E46CEE7F0B5427C87B0002359
:10DBF0008DF8133053B2002BB8BF0733DB10013B55
:10DC00005BB2002B054605A90CDBC7890C46D80082
:10DC1000013B47FA00F65BB204F8016B5E1CA0F111
:10DC20000800F5D101200DF113040023CDE9020015
:10DC3000CDE90034D2082846FFF7EEFD044628B9A6
:10DC40006B691BB19DF813009847E880204607B028
:10DC5000F0BD00BF90F811C02DE9F04305464FFA22
:10DC60008CF00028B8BF0730C010013887B040B230
:10DC700000289DF838E09DF83C600DF114090CDB9C
:10DC80004F46C400013840B241FA04F8B0F1FF3FFA
:10DC900007F8018BA4F10804F4D10020CDE9023E7D
:10DCA0000192009003464FEADC0249462846FFF7FE
:10DCB000B3FD20B91EB1AB690BB12846984707B038
:10DCC000BDE8F0832DE9F04F8BB0072B9DF858503D
:10DCD0009DF850909DF85470059500F22A81B9F195
:10DCE000070F00F226814B45C0F023819846037947
:10DCF0001646002204460D468DF81F20002B00F02A
:10DD00000A81427C53B2002BB8BF0733DB10013BC2
:10DD10005BB2002B08A9C0F20A81B0F808E04FEA14
:10DD2000C30C0846013B5BB24EFA0CFAB3F1FF3F5D
:10DD300000F801ABACF1080CF4D194F810C04FEA34
:10DD4000DC0C0CF1FF335BB2B3F1FF3F0BD00138B9
:10DD50004FEAC30E013B5BB225FA0EFEB3F1FF3F63
:10DD600000F801EFF4D101200DF11F0A0023CDE9E5
:10DD700002000CEBD202CDE9003A2046FFF74CFD41
:10DD8000FF2208F10103C9F1080902FA03F342FA7C
:10DD900009F943EA0903DB439DF81F202079DBB230
:10DDA0001E4022EA03031E438DF81E60002800F087
:10DDB000A780627C53B2002BB8BF0733DB10013B56
:10DDC0005BB2002B08A9C0F2B080B4F80A80084604
:10DDD0004FEAC30C013B5BB248FA0CFEB3F1FF3FC4
:10DDE00000F801EBACF1080CF4D194F810C04FEA44
:10DDF000DC0C0CF1FF335BB2B3F1FF3F0BD0013809
:10DE00004FEAC30E013B5BB225FA0EFEB3F1FF3FB2
:10DE100000F801EFF4D1002001230CEBD2020DF148
:10DE20001E0CCDE900C0CDE902332046FFF7F4FC1B
:10DE3000206803681B6A98474FF47A7909FB07F951
:10DE400083464FF000080127206803681B6A984743
:10DE5000A0EB0B0048454ED223798DF81F80002B94
:10DE60003FD0617C4BB2002BB8BF0733DB10013BC6
:10DE70005BB2002B3DDBB4F808C0DA0008A8013B18
:10DE80005BB24CFA02FEB3F1FF3F00F801EBA2F1E6
:10DE90000802F4D1227CD208531E5BB2B3F1FF3FDB
:10DEA0000BD001384FEAC30C013B5BB225FA0CFCE6
:10DEB000B3F1FF3F00F801CFF4D102EBD102CDE97D
:10DEC0000277CDE9008A002308A92046FFF7A4FCC9
:10DED0009DF81F00059B70401840B5D10BB0BDE800
:10DEE000F08F21892A46CDE900A72046FFF7A2F945
:10DEF000EEE708A8CEE76FF00F000BB0BDE8F08F9B
:10DF000001236189009001932A460DF11E032046EA
:10DF1000FFF790F98CE701220DF11F0A0189CDE985
:10DF200000A22A46FFF786F92AE708465DE7084679
:10DF300003E76FF00A00D1E799B10022F0B405467B
:10DF40004F1E1046012606FA02F32B40BC1AD3409E
:10DF50000132A340D4B2A14240EA0300F3D8F0BC9E
:10DF600070470846704700BFF8B5446C24B906E016
:10DF7000914205D0183402D02278002AF8D1F8BD99
:10DF80000646043400F1300500F1440755F8041B3F
:10DF90004B1C04D03068226803685B689847BD4218
:10DFA00004F10404F2D1F8BD4AB116290B466FF012
:10DFB0000800A8BF16238342B8BF03461370093177
:10DFC000C9B21F298CBF6FF00C000020704700BF42
:10DFD000F0B503681D4ADB6C934285B005460E46DA
:10DFE00012D101F10903DBB21F2B2CD804AC0023A2
:10DFF00004F8013D40F6E70101232246284602F0DD
:10E0000029FE38B105B0F0BD002298470028EDD0B8
:10E0100005B0F0BD012702460097072304212846DA
:10E0200002F0F4FD0028EDD1F1B20422284602F0FE
:10E030006FFE0028E6D13B462246284640F6E7011F
:10E0400002F000FEDEE76FF00C00DBE7A9DF020064
:10E05000DFED307AB4EEE70AF1EE10FA57D4DFEDD7
:10E060002E7AB4EEE70AF1EE10FA50DC10B5FDEEB0
:10E07000C07A2DED028B17EE903A82B0A3F2863271
:10E0800000211A2A0446B0EE408AADF8041015D9D2
:10E09000A3F25F32072A16D84DF6D733ADF8043015
:10E0A00001A9204602F024FE20B9B0EE480A20461D
:10E0B00002F046FE02B0BDEC028B10BD4EF6E1133D
:10E0C000ADF80430ECE7A3F20B32082A08D9A3F527
:10E0D000EB72282A09D848F27513ADF80430DFE74F
:10E0E0004CF2C153ADF80430DAE7A3F5D7730A2B2D
:10E0F00004D846F66B73ADF80430D1E7B1EE000AF0
:10E1000078EE000A38EE400A02F0B4FDCCE76FF07A
:10E110000B007047000016430000704410B5044621
:10E1200002F002F8034A044B2260C4F8243120466E
:10E1300010BD00BF9497030084970300DFED317A90
:10E14000B4EEE70AF1EE10FA58D4DFED2F7AB4EE10
:10E15000E70AF1EE10FA51DC30B5054683B010EE57
:10E16000104A99B1FDEEC07A002117EE903AA3F261
:10E1700086321A2AADF804100FD84EF6E113ADF826
:10E18000043001A9284602F0B3FD20B900EE104A80
:10E19000284602F0D5FD03B030BDA3F25F32072A56
:10E1A00008D9A3F20B32082A09D84CF2C153ADF8B2
:10E1B0000430E6E74DF6D733ADF80430E1E7A3F5D8
:10E1C000EB72282A08D9A3F5D7730A2B09D846F68B
:10E1D0006B73ADF80430D4E748F27513ADF8043032
:10E1E000CFE707EE904AB1EE000A77EE800A37EEED
:10E1F000C00A02F03FFD0028C8D0CCE76FF00B004A
:10E20000704700BF000016430000704470B52DED4C
:10E21000028B82B0F0EE408ABDF824409DF8285071
:10E22000009515460E461A4629462346B0EE410A89
:10E23000B0EE608A04469DF9205002F08FFE18B1BE
:10E2400002B0BDEC028B70BD3146204602F050FAA0
:10E250000028F5D1B0EE480A204602F01DF800284B
:10E26000EED123680F4A1B6B9342B0EE680A15D1BA
:10E2700001212046FFF762FF0028E1D1012120465D
:10E2800002F08EFD0028DBD123689B6C29462046D6
:10E2900002B0BDEC028BBDE870401847204698479D
:10E2A000EAE700BF51E0020008B5084608F0DCFDCF
:10E2B00003A3D3E9002308F051FE09F0E9F808BDF3
:10E2C000FCA9F1D24D62B03F40F2622040F202233D
:10E2D0000860002013607047D0F82C01704700BF21
:10E2E00000F00E03062B0BD0082B0CD00A2B0CD001
:10E2F0000138C0B2FD288CBF6FF0010000207047CC
:10E300006FF430707047024870470248704700BF92
:10E310003EFDFFFF3DFDFFFF08B5D0F82C010221B7
:10E32000FFF722FE4FF0FF3008BD00BF30B50223DB
:10E3300085B001220C460D0AD0F82C018DF80D4055
:10E34000CDE90022194603AA8DF80C50FFF7BCF85E
:10E3500005B030BD0000000030B52DED028B89B056
:10E3600008AC03AD85E80E00FF2304F8013D01234E
:10E37000D0F82C019DED048ACDE90033224611210D
:10E38000FFF768FC9DF81F305BBBDDED038A18EEDC
:10E39000900A08F08BFD2AA3D3E9002309F050F876
:10E3A000002840D1DFED287AF4EEE78AF1EE10FA8A
:10E3B00039DC18EE100A08F079FD21A3D3E9002317
:10E3C00009F03EF8C0BBDFED217AB4EEE78AF1EE4A
:10E3D00010FACCBF6FF06500002009B0BDEC028BD5
:10E3E00030BD012B1CD19DF80C30053B072B20D8EC
:10E3F000B5EEC08AF1EE10FA18D4DFED157AB4EE5E
:10E40000E78AF1EE10FA11DC9DF81430053B032B7E
:10E4100094BF00206FF0090009B0BDEC028B30BD45
:10E420004FF0FF30D9E76FF06400D6E76FF00700D8
:10E43000D3E76FF00800D0E76FF06500CDE700BFCD
:10E44000333333333333E33F000096430000484314
:10E450000000FF4330B585B004ACFF2304F8043D51
:10E46000012305462246D0F82C011121CDE90033C5
:10E47000FFF7F0FB9DF80C30012B03D195F83431F8
:10E48000012B10D00123D5F82C012246CDE9003311
:10E49000002402231321ADF80C40FFF7DBFB9DF8AD
:10E4A0000C0005B030BDD5F8640105B030BD00BF2B
:10E4B000D0F82C3110B50446186803689B6898475B
:10E4C000C1B22046BDE8104002F05ABFF0B585B099
:10E4D00004AAFF2302F8013D012304460D46D0F8AB
:10E4E0002C011121CDE90033FFF7B4FB9DF80F306B
:10E4F000012B0ED0D4F84001ED0000FB05F008F030
:10E50000B3FC0022294B08F029FD08F0C1FF05B03B
:10E51000F0BD94F83021D4ED4E6A94F834C142F243
:10E520001073934007EE103AF2EE047AB8EE477A91
:10E5300066EEA76A531FC7EE267ADBB2022B35BF01
:10E540001926112600270827FCEEE77A17EE900A15
:10E55000B0F57A5F2ABF02F13E0393009B00D9B267
:10E5600094F8333105EB4305C2EB4502BCF1000FD3
:10E5700007EB820314BF0022142294F83151B4F83F
:10E5800036411A4412B24B1E002AA8BF9B1804350C
:10E5900093FBF1F304F108029BB205FB032306EBA6
:10E5A000830300FB03F0800805B0F0BD0000503F7E
:10E5B000D0F82C3170B51C68596A236820461A6D52
:10E5C0001D6990472B4601462046BDE8704018471C
:10E5D00030B5012185B00446D0F82C01FFF7C4FC0A
:10E5E00004AA042302F8013D0023D4F82C0184215D
:10E5F000CDE900330123FEF767FFD4F82C3105463F
:10E600001868036801215B699847284605B030BD4A
:10E61000D0F82C312DE9F0411C680F46596A236867
:10E6200005461A6DDE6820469047D5F82C311B68E8
:10E6300001463A462046B4465B69BDE8F041604772
:10E6400070B505460C4684B0D0F82C0195F8291118
:10E65000FFF78AFC74B903AE0123D5F82C013246CA
:10E66000CDE900330024D1218DF80C40FEF72CFFBA
:10E6700004B070BD0123210CD5F82C018DF80F409A
:10E6800003AECDE90033230E8DF80C30240A8DF84B
:10E690000D103246042386218DF80E40FEF714FF3C
:10E6A0000028D9D004B070BD00B585B004AA0023FD
:10E6B00022F8043D0123D0F82C011221CDE90033CA
:10E6C0000223FFF7C7FA9DF80C00C0F3400005B025
:10E6D0005DF804FB30B5044685B00121D0F82C016B
:10E6E00094F82251FFF740FCD4F82C311868196ACD
:10E6F0000368C2685B68984704AA0123D4F82C0118
:10E7000002F8045D8021CDE90033FEF7DDFE05B09F
:10E7100030BD00BF30B50368204AD3F8B43093420F
:10E7200085B004462ED104AA4FF6437322F8043D67
:10E7300001210223D0F82C01CDE900111946FEF782
:10E74000C3FE2368164A9B68934223D1D4F82C0158
:10E7500094F822510121FFF707FCD4F82C311868F6
:10E76000196A0368C2685B68984704AA0123D4F851
:10E770002C0102F8045D8021CDE90033FEF7A4FEF0
:10E7800005B030BD44F2FF3198472368044A9B68C6
:10E790009342DBD02046984705B030BD2DE3020000
:10E7A000D5E60200000000002DE9F0430568DFF81F
:10E7B00048C1AD68654585B004460F461646984683
:10E7C00040F081800121D0F82C0194F82251FFF70C
:10E7D000CBFBD4F82C311868196A0368C2685B68EF
:10E7E000984704AA0123D4F82C0102F8045D802183
:10E7F000CDE90033FEF768FE78B9FF2E6ED82368A6
:10E800003146DB6E20469847226805463946434626
:10E81000D76920463246B84710B105B0BDE8F0834D
:10E82000D4F82C3118680368DB699847304B05EB46
:10E830008505A3FB05350746AD090CE0186803689C
:10E84000DB6C9847D4F82C3118680368DB6998476B
:10E85000C01B854239D3D4F82C311868596A036833
:10E860009B689847D4F82C310028E7D018680368D3
:10E87000DB6998470546304608F0F6FA00221D4B42
:10E8800008F06CFB8046E81B07EE900AF8EE677A0A
:10E89000894617EE900A08F009FB13A3D3E9002379
:10E8A00008F05CFB02460B464046494608F080FCF7
:10E8B00008F00EFE2368C4F858011B6A20469847EA
:10E8C00005B0BDE8F083A84796E7236820461B6A99
:10E8D00098476FF0040005B0BDE8F0836FF00300C7
:10E8E0009BE700BFAFF30080FCA9F1D24D62503F1F
:10E8F000D34D621000002040D5E602000000000069
:10E90000F0B52DED028B85B004ADFF2305F8083D71
:10E91000012304462A46D0F82C011121CDE9003309
:10E92000B0EE408AFFF796F99DF80830002B58D1D9
:10E93000B5EEC08AF1EE10FA4AD418EE100A08F0CB
:10E94000B5FA2CA3D3E9002306460F4608F078FD5C
:10E95000002843D1DFED267AB4EEE78AF1EE10FA13
:10E960003CDC21A3D3E900233046394608F0F6FA0F
:10E9700008F08EFDC0F30743C0F307265FFA80FC62
:10E980008DF80D300123D4F84011C4F84401D4F8B7
:10E990002C018DF80E60CDE900330F0C0E0A2A46CB
:10E9A0008DF80A1094F8495194F848418DF80FC039
:10E9B00008238B218DF808708DF809608DF80B50B5
:10E9C0008DF80C40FEF780FD05B0BDEC028BF0BD6C
:10E9D0004FF0750C022640F27520D1E76FF065000C
:10E9E000F2E76FF01300EFE7FCA9F1D24D6290401F
:10E9F00000004843333333333333E33F0000000038
:10EA0000F0B52DED028B85B004ADFF2305F8083D70
:10EA1000012304462A46D0F82C011121CDE9003308
:10EA2000B0EE408AFFF716F99DF8083043B1032B8A
:10EA30004DD118EE100A08F039FA06460F4612E0DA
:10EA400018EE100A08F032FA27A3D3E9002306468D
:10EA50000F4608F0F5FCE8BBDFED217AB4EEE78A5B
:10EA6000F1EE10FA36DC32463B4600201D4908F034
:10EA70009FFB08F00DFD01260346D4F84411C4F8AD
:10EA80004031D4F82C018DF80A30CDE900662A46D1
:10EA90001D0A4FEA134C0F0C0E0A8DF809508DF821
:10EAA0000F1094F8495194F848418DF808C0082394
:10EAB0008B218DF80D708DF80E608DF80B508DF850
:10EAC0000C40FEF701FD05B0BDEC028BF0BD6FF010
:10EAD0001300F8E76FF06400F5E700BFAFF30080C4
:10EAE0000000964300402F41333333333333E33F49
:10EAF00030B585B004ACFF2304F8043D012305467E
:10EB00002246D0F82C011121CDE90033FFF7A2F8FD
:10EB10009DF80C30012B03D0BBEE040A05B030BDCC
:10EB2000D5F82C012246CDE900330024032314211B
:10EB3000ADF80C408DF80E40FFF78CF89DF80D30C5
:10EB40009DF80C201B0243EA02431B0AD8B21B06A5
:10EB500048BFA0F5807008F097F90022044B08F038
:10EB6000FDF908F0B5FC00EE100A05B030BD00BF9D
:10EB70000000D03F2DE9F04F87B006AE4FF0FF0800
:10EB800006F80C8D0125324604460F46D0F82C01BC
:10EB90002B46CDE900551121FFF75CF89DF80C20BC
:10EBA000AA422ED0002A73D1D4F82C018DF80D7012
:10EBB000CDE90055BBB294F84A11A4F850311B0AB4
:10EBC0008DF80C308DF8131094F84C3194F84D11E9
:10EBD00094F84E518DF8103032468DF8141094F898
:10EBE0004B618DF81280052409238C218DF80F606C
:10EBF0008DF811508DF80E40FEF766FC07B0BDE8A9
:10EC0000F08FBDB24FF0000CD4F82C01A4F83651AF
:10EC1000334640F236718DF80CC094F83391D4F835
:10EC200064A194F834B194F86881FEF735FFD4F804
:10EC30002C01FEF7D9FF0028E0D19DF80CC0D4F8D4
:10EC40002C01B8F1010F0CBF0CF0FB0C4CF0040CC4
:10EC50003246012340F236718DF80CC0FEF770FF8A
:10EC60000123D4F82C018DF80D702D0ACDE9003365
:10EC7000324606238C218DF80C508DF80EB08DF89D
:10EC80000FA08DF810908DF81180FEF71DFCB5E7F0
:10EC90004FF0FF30B2E700BF2DE9F04784B004AD7C
:10ECA000FF2305F8083D01232A4604460F46D0F805
:10ECB0002C011121CDE90033FEF7CCFF9DF808208F
:10ECC000012A44D10026D4F82C0184F868712B461F
:10ECD00040F236718DF8086094F83381B4F83661EB
:10ECE000D4F8649194F834A1FEF7D6FED4F82C0140
:10ECF000FEF77AFF28BB9DF808C02FBB4CF0040C30
:10ED000001232A4640F23671D4F82C018DF808C050
:10ED1000FEF716FF0123D4F82C018DF80960CDE928
:10ED20000033360A2A4606238C218DF808608DF8B8
:10ED30000AA08DF80B908DF80C808DF80D70FEF701
:10ED4000C3FB04B0BDE8F0870CF0FB0CD8E76FF014
:10ED50001300F6E770B584B004AEFF2306F8083D53
:10ED6000012305460C46D0F82C013246CDE900338C
:10ED70001121FEF76FFF9DF80830002B3FD1042CC6
:10ED800040D8DFE804F02C30343803000B2485F839
:10ED90004941D5F84031D5F844118DF80B401C0C91
:10EDA0008DF80A308DF808401B0A0124D5F82C0193
:10EDB0008DF8093095F848518DF80F103246CDE99D
:10EDC00000440E0C0C0A08238B218DF80D608DF881
:10EDD0000E408DF80C50FEF777FB04B070BD002399
:10EDE00085F84931D5E7082485F84941D1E7092458
:10EDF00085F84941CDE70A2485F84941C9E76FF014
:10EE00001300EAE76FF06900E7E700BF2DE9F04380
:10EE100087B006AD4FF0FF0805F80C8D01273B4683
:10EE200004468946D0F82C011646CDE900772A46DB
:10EE30001121FEF70FFF9DF80C30C3BB082E61D8DF
:10EE40004A463346D4F82C014FF4D861F600FEF759
:10EE500077FEF6B2B4F85011D4F82C01019784F87B
:10EE60004B61009794F84AE194F84CC194F84D71C5
:10EE70008DF80D102A464FEA112994F84E518DF85D
:10EE80000F60052409238C218DF812808DF80C90D9
:10EE90008DF813E08DF810C08DF814708DF81150B6
:10EEA0008DF80E40FEF710FB07B0BDE8F083012B94
:10EEB0002BD1012E26D8D4F82C018DF80C80CDE969
:10EEC00000332A46112199F80060FEF7C3FE9DF831
:10EED0000C30012B19D126F00F033601D4F82C0188
:10EEE0002A4643F0040446F0040602234FF4E86186
:10EEF0008DF80C408DF80D60FEF722FE002007B063
:10EF0000BDE8F0836FF06800F9E76FF01300F6E7F3
:10EF10002DE9F04186B006AE4FF0FF0806F80C8DE3
:10EF200001252B4604460F46D0F82C013246CDE988
:10EF300000551121FEF78EFE9DF80C30002B7CD180
:10EF4000D4F82C017FB184F84D5102AB2A464FF41E
:10EF5000D761FEF7A1FDD4F82C01FEF745FE68B39A
:10EF600006B0BDE8F081B4F8503184F84D71CDE9B8
:10EF7000005594F84B1194F84AC194F84E518DF80D
:10EF80000D304FEA132E32468DF80F1094F84C6175
:10EF90008DF81280052409238C218DF814708DF8CA
:10EFA0000CE08DF813C08DF810608DF811508DF8BD
:10EFB0000E40FEF789FA06B0BDE8F0819DF80870B2
:10EFC000D4F82C018DF8098027F0010702AA47F038
:10EFD000010702234FF4D7618DF80870FEF7B0FDEA
:10EFE000B4F85031D4F82C018DF80D30CDE900552E
:10EFF00094F84A1194F84BC194F84C7194F84E511E
:10F000008DF813104FEA132E3246092394F84D6100
:10F010008DF8128005248C218DF80CE08DF80FC03E
:10F020008DF810708DF814608DF811508DF80E4029
:10F03000FEF74AFA06B0BDE8F0816FF013008FE7E3
:10F0400030B585B004ACFF2304F8043D0123054628
:10F050002246D0F82C011121CDE90033FEF7FAFD4C
:10F060009DF80C30012B03D06FF0130005B030BDBC
:10F070002246D5F82C010024CDE9003312210223C9
:10F08000ADF80C40FEF7E6FD9DF80C209DF80D3024
:10F0900043EA0223DA0508D413F0800F14BF6FF09F
:10F0A0000E004FF0FF3005B030BD014805B030BD57
:10F0B00042FDFFFF2DE9F043054687B0D0F82C0153
:10F0C00088461746FEF790FD6FF430739842044669
:10F0D0007FD018B1204607B0BDE8F08306AED5F862
:10F0E0002C0126F8044D0124324602231221CDE9D9
:10F0F0000044FEF7AFFD2B689DF815101B6E4A4AC1
:10F1000011F0600F0CBF4FF000096FF00609934239
:10F1100077D12346D5F82C013246CDE900441121A0
:10F12000FF248DF81440FEF795FD9DF81430012B57
:10F1300003D195F83431012B6AD00123D5F82C0185
:10F140000024CDE90033324602231321ADF81440E8
:10F15000FEF780FD9DF8143017B1BB4228BF3B4637
:10F16000DBB20127D5F82C0100931E244346CDE9DC
:10F17000017702223146ADF81440FEF7C5F8044687
:10F180000028A7D1D5F82C01ADF81440CDE90077BF
:10F19000022332468F21FEF797F90446002899D1C1
:10F1A0002B68224AD3F8B430934236D10223D5F8E3
:10F1B0002C0101974FF64374009732461946ADF87B
:10F1C0001440FEF781F90446B9F1000F18BF4C4610
:10F1D00080E706AA002322F8043D0123D5F82C017C
:10F1E0001221CDE900330223FEF734FD9DF81430DF
:10F1F00013F0020F18BF6FF00504204607B0BDE8FA
:10F20000F0832146284698470346002FA8D0A4E75C
:10F21000D5F86431002FA3D09FE7284644F2FF3190
:10F2200098470446D0E700BF55E402002DE30200F2
:10F230002DE9F04186B000240546FF270226D0F8CC
:10F240002C010297CDE900462346224640F6E20112
:10F25000FEF738FDD5F82C010094CDE9016723466F
:10F26000224640F6E501FEF72DFD0123D5F82C01DD
:10F2700000934FF6FF7605AA032382210194ADF88F
:10F2800014608DF81660FEF71FF9D5F82C31186858
:10F2900003680A215B6998472646274605AB012289
:10F2A00040F61901D5F82C018DF81470FEF7F4FB27
:10F2B000D5F82C01FEF798FC9DF8140000F0010031
:10F2C000A04001343043082CC6B2E7D12B681F4A56
:10F2D0009B68934236D10121D5F82C0195F8224143
:10F2E000FEF742FED5F82C311868196A0368C26827
:10F2F0005B6898470123D5F82C018DF8144005AAC6
:10F30000CDE900338021FEF7DFF8002402274FF01B
:10F31000FF08D5F82C0123468DE89001012240F624
:10F32000E201FEF7CFFCD5F82C010094CDE901787D
:10F330002346012240F6E501FEF7C4FC304606B044
:10F34000BDE8F08128469847DFE700BFD5E6020018
:10F35000F0B587B006ADFF2305F8083D012304464C
:10F360002A46D0F82C011121CDE90033FEF772FCBA
:10F370009DF81060012E24D12368744A9B68934243
:10F3800040F0C9803146D4F82C0194F82271FEF780
:10F39000EBFDD4F82C311868196A0368C2685B6801
:10F3A0009847D4F82C018DF81070CDE900663346EB
:10F3B0002A468021FEF788F806463EB1304607B05F
:10F3C000F0BD6FF01306304607B0F0BD0221D4F84F
:10F3D0002C01FEF7C9FD01270823D4F82C01DFF822
:10F3E00080C10596CDE9007719462A46CDF810C0B0
:10F3F000FEF76AF806460028E0D12368544AD3F89D
:10F40000B430934240F096800223D4F82C01019747
:10F410004FF64376009719462A46ADF81060FEF77E
:10F4200053F80646002EC9D194F83031494A029269
:10F43000062B41F61A62ADF80C2070D90C2B7FD840
:10F4400006AA134413F8173CD4F82C018DF8113098
:10F4500001270A210026ADF81210CDE90077072315
:10F460002A468821ADF814608DF816608DF810706A
:10F47000FEF72AF806460028A0D1D4F82C0133461E
:10F480003246CDE90077C521FEF71EF8064630B1B9
:10F4900094E7D4F82C3118680368DB6C9847D4F8EB
:10F4A0002C311868596A03689B6898470028F0D087
:10F4B0002368294AD3F88030934235D10123D4F808
:10F4C0002C01FF26CDE900332A4611218DF810606A
:10F4D000FEF7C0FB9DF81030012B7FF472AFD4F81B
:10F4E0002C012A46CDE90033002402231221ADF875
:10F4F0001040FEF7AFFB9DF810209DF8113043EA55
:10F500000223DA0514D413F0800F0CBF4FF0FF363E
:10F510006FF00E0652E72046984706464DE7072350
:10F5200084F8303116238FE720469847064645E792
:10F530000A4E43E744F2FF3120469847064671E7FA
:10F540000C2384F830311E237EE700BFD5E602008D
:10F550002DE302001616181941F0020042FDFFFFCC
:10F5600001800180F0B587B006ADFF2305F8083DA6
:10F57000012304462A46D0F82C011121CDE900339D
:10F58000FEF768FB9DF81060012E40F0898023682B
:10F590004D4A9B6893427FD13146D4F82C0194F8B0
:10F5A0002271FEF7E1FCD4F82C311868196A03685F
:10F5B000C2685B689847D4F82C018DF81070CDE9CB
:10F5C000006633462A468021FDF77EFF064616B1C7
:10F5D000304607B0F0BD0221D4F82C01FEF7C4FC80
:10F5E00001270823D4F82C01DFF8E8C00596CDE9FF
:10F5F000007719462A46CDF810C0FDF765FF06468C
:10F600000028E5D12368314AD3F8B43093424FD172
:10F610000223D4F82C0101974FF643760097194640
:10F620002A46ADF81060FDF74FFF0646002ECFD1F9
:10F6300094F83031264A0292062B41F61A62ADF850
:10F640000C2030D90C2B39D806AA134413F8173CD8
:10F65000D4F82C018DF8113001270A212A46ADF883
:10F6600012100025CDE90077072388218DF810704E
:10F67000ADF814508DF81650FDF726FF0646002809
:10F68000A6D1D4F82C0133463246CDE90077C52106
:10F69000FDF71AFF06469BE720469847064696E781
:10F6A0006FF0130694E7072384F830311623CFE771
:10F6B00044F2FF31204698470646B7E70C2384F80A
:10F6C00030311E23C4E700BFD5E602002DE302005F
:10F6D00016161819018001802DE9F0470368504A79
:10F6E000D3F8B430934286B004464DD106AE4FF6FF
:10F6F000437326F80C3D01210223D0F82C01324639
:10F70000CDE900111946FDF7DFFE0125D4F82C01E3
:10F710003246CDE900552B46FF2711218DF80C709C
:10F72000FEF798FA9DF80C20AA4232D0002A74D134
:10F73000B4F85031D4F82C018DF80D30CDE90055D6
:10F7400094F84A118DF813101D0A94F84D1194F88D
:10F750004C318DF80C50324694F84E5194F84B6170
:10F760008DF8103005248DF8141009238C218DF8A4
:10F7700012708DF80F608DF811508DF80E40FDF766
:10F78000A3FE06B0BDE8F08744F2FF31984703AE10
:10F79000BBE70025D4F82C018DF80C50334640F21D
:10F7A0003671B4F8365194F83381D4F8649194F8F2
:10F7B00034A194F86871FEF76FF9D4F82C01FEF7C4
:10F7C00013FA0028DDD19DF80CC0D4F82C01012FCC
:10F7D0000CBF0CF0FB0C4CF0040C3246012340F241
:10F7E00036718DF80CC0FEF7ABF90123D4F82C016B
:10F7F0008DF80D50CDE900332D0A324606238C21B9
:10F800008DF80C508DF80EA08DF80F908DF81080AB
:10F810008DF81170FDF758FEB3E74FF0FF30B0E7F9
:10F820002DE3020070B50268284B54699C4284B0F5
:10F8300040D1274B029301260823002405460DEBF7
:10F840000302D0F82C010394CDE900661946FDF7B8
:10F850003BFE044610B1204604B070BDD5F82C0123
:10F86000ADF80840CDE90066022302AA8F21FDF71A
:10F870002BFE04460028EED12846FFF72DFF044654
:10F880000028E8D1D5F82C010221FEF76DFBD5F850
:10F890002C0102AACDE9006403234FF6FF748221F4
:10F8A000ADF808408DF80A40FDF70EFE04462046EC
:10F8B00004B070BD0023009340F2622202236FF077
:10F8C0007F41A0470446204604B070BDD5F8020031
:10F8D00002620002F0B50F466FF07F4585B09CB222
:10F8E000AF424FF0080391B218BF44F40074D940FE
:10F8F000012524FA03FC8DF809208DF808108DF8F5
:10F900000B4006460024D0F82C010394CDE90055A5
:10F910000DEB030219468DF80AC0FDF7D5FD04462C
:10F9200010B1204605B0F0BDD6F82C01ADF8084066
:10F93000CDE90055022302AA8F21FDF7C5FD04463B
:10F940000028EED13046FFF7C7FE04460028E8D174
:10F95000D6F82C010221FEF707FBD6F82C018DF812
:10F960000A70CDE9005402AA3C0A3D0C032382210F
:10F970008DF809408DF80850FDF7A6FD0446204695
:10F9800005B0F0BD000000002DE9F04FFF2A8BB05C
:10F9900000F23B8190F84C3113B1FF2A00F0358121
:10F9A0000AADFF2305F80C3D01278846044616469C
:10F9B000D0F82C012A46CDE900773B461121FEF70D
:10F9C00049F99DF81C20BA4200F0D580002A40F089
:10F9D0001F81B4F85031D4F82C018DF81D30CDE9D9
:10F9E00000771A0A94F84A1194F84B7194F84C3144
:10F9F0008DF81C208DF8231094F84D2194F84E11A9
:10FA00008DF81F708DF8203005278DF824208DF893
:10FA1000211009232A468C218DF81E708DF8226052
:10FA2000FDF752FD07461FB138460BB0BDE8F08F19
:10FA300008234FF00109D4F82C01DFF82CC20897F5
:10FA4000CDE9009919462A46CDF81CC0FDF73CFDCA
:10FA500007460028E8D1D4F82C01ADF81C70CDE998
:10FA6000009902232A468F21FDF72EFD0746002824
:10FA7000DAD1D4F82C010096CDE9019943460E263F
:10FA800002222946ADF81C60FDF7FEFD074600285E
:10FA9000CAD12368724AD3F8B430934240F0BB8095
:10FAA0000223D4F82C01CDF80490CDF8009019462B
:10FAB0004FF643762A46ADF81C60FDF705FD074674
:10FAC000002FB1D10AAE012206F80D7D40F6890162
:10FAD0003346D4F82C01FDF7DFFFD4F82C01FEF7F4
:10FAE00083F8074600289FD10123D4F82C01FF2773
:10FAF000CDE900332A4611218DF81C70FEF7AAF8D3
:10FB00009DF81C30012B00F08C809DF81B7047F095
:10FB100004073246012340F68901D4F82C018DF800
:10FB20001B70FEF70DF894F82911D4F82C01FEF79C
:10FB30001BFA0123D4F82C012A46CDE90033002515
:10FB400003238321ADF81C508DF81E50FDF7BCFC3B
:10FB5000074630B168E7D4F82C3118680368DB6CCD
:10FB60009847D4F82C311868D96A03689B6898477D
:10FB70000028F0D158E700272B4640F23671D4F820
:10FB80002C018DF81C7094F833710597B4F83691F8
:10FB900094F834B194F868A1FDF77EFFD4F82C01F5
:10FBA000FEF722F8074600287FF43EAF9DF81C7050
:10FBB000D4F82C01BAF1010F0CBF07F0FB0747F096
:10FBC000040701232A4640F236718DF81C70FDF7B8
:10FBD000B7FF01239DF81470D4F82C018DF81D9007
:10FBE000CDE900334FEA192906232A468C218DF8E6
:10FBF00020708DF81C908DF81EB08DF81F608DF868
:10FC000021A0FDF761FC07460DE76FF003070BE746
:10FC10004FF0FF3708E744F2FF3120469847074688
:10FC20004EE7D4F838019DF81B7007F03FF9002229
:10FC30000C4B06F0DBFF21F00043194606A3D3E985
:10FC4000002307F007FC00283FF461AF07F0FB0733
:10FC50005FE700BFAFF30080FCA9F1D24D62503FD7
:10FC60002DE3020000407F4002010001000000007F
:10FC70002DE9F04F0368BE4F9B68BB4287B0044636
:10FC80008B46924640F03C810121D0F82C0194F83B
:10FC90002251FEF769F9D4F82C311868196A036803
:10FCA000C2685B68984706AA012302F8085DD4F889
:10FCB0002C018021CDE90033FDF706FC05461DB17E
:10FCC000284607B0BDE8F08F06AEFF2306F8083DD2
:10FCD0000123D4F82C013246CDE900331121FDF780
:10FCE000B9FF9DF81030012B00F01281002B40F07D
:10FCF0009981BAF1000F00F00681504607F0B4F880
:10FD000000229C4B07F02AF980468946D4ED507AB0
:10FD1000F8EE677A17EE900A07F0C8F802460B462D
:10FD20008FA1D1E9000107F043FA07F0D1FB07F0FA
:10FD3000BDF802460B464046494607F039FA8AA309
:10FD4000D3E9002307F00AF907F0A2FB804607EE8B
:10FD5000908AF8EE677A17EE900A07F0A7F800226B
:10FD6000854B07F0FBF807F093FB2268834B55693E
:10FD70009D42814640F0E3806FF07F420823914529
:10FD800014BF02220022012146F2022C0025D4F8E1
:10FD90002C018DF81220CDE90011ADF810C01946E4
:10FDA0004FF0020C32468DF814508DF815508DF836
:10FDB00016508DF817508DF813C0FDF785FB0546DA
:10FDC00000287FF47DAF0123D4F82C01ADF810504A
:10FDD000CDE90033324602238F21FDF775FB05463E
:10FDE00000287FF46DAF2046FFF776FC054600281B
:10FDF0007FF466AF0221D4F82C01FEF7B5F8012399
:10FE0000D4F82C01019500934FEA194C4FEA1925BB
:10FE10000323324682218DF811508DF812908DF80F
:10FE200010C0FDF751FB0546002D7FF449AFD4F813
:10FE30002C3118680368DB69984705460EE0D4F852
:10FE40002C3118680368DB6C9847D4F82C3118689B
:10FE50000368DB699847401B80457AD3D4F82C317E
:10FE60001868596A03689B6898470028E7D04FF0E4
:10FE7000000823689B68BB426ED10121D4F82C0195
:10FE800094F82251FEF770F8D4F82C311868196AEA
:10FE90000368C2685B6898470123D4F82C018DF889
:10FEA0001050CDE9003332468021FDF70DFB0546A9
:10FEB00025B16FF430739D427FF402AF0123D4F873
:10FEC0002C010025CDE90033324602231221ADF882
:10FED0001050FDF7BFFE9DF810309B0700F1A58084
:10FEE000B8F1000F40F0A18094F83431012B4BD0D1
:10FEF0002368524659465B6A204698470546DFE626
:10FF000098470546DBE64FF00008DFF87890FDE6FD
:10FF100094F8302194ED4E7A934007EE903AF8EE43
:10FF2000677AC7EE877A17EE900A06F0BFFF0022C5
:10FF3000134B07F013F807F0ABFA804607E70023EE
:10FF40000146009340F2622202232046A84705465C
:10FF50006AE74FF001088CE7204698470546A7E777
:10FF6000000000008084CE41000000000088B34003
:10FF7000D5E602000000204000005040D5F8020005
:10FF80000000594000E09F40D4F82C01FF25CDE946
:10FF90000033324611218DF81050FDF75BFE9DF8BD
:10FFA0001030012BA4D194F83431012B40F0AD80F6
:10FFB000D4F82C018DF81050CDE9003332461121D0
:10FFC000FDF748FE9DF81070012F40F09E8006AAB4
:10FFD0003B4602F8098D40F60211D4F82C01FDF7DA
:10FFE000AFFD33463A4640F64411D4F82C018DF863
:10FFF0001080FDF751FDD4F82C01FDF7F5FD054605
:020000023000CC
:1000000000287FF45DAE9DF81050D4F82C0145F027
:1000100002053B46324640F644118DF81050FDF77C
:100020008FFD65E74FF0FF354AE623689B68BB42CA
:100030006ED10121D4F82C0194F82251FDF794FFE0
:10004000D4F82C311868196A0368C2685B6898474D
:100050000123D4F82C018DF81050CDE9003332463D
:100060008021FDF731FA94F83431012B36D1D4F8E0
:100070002C01FF25CDE90033324611218DF81050B7
:10008000FDF7E8FD9DF81050012D27D106AA0027A5
:1000900002F8097D2B4640F60211D4F82C01FDF739
:1000A0004FFDD4F82C018DF8107033462A4640F6E7
:1000B0004411FDF7F1FCD4F82C01FDF795FD68B96A
:1000C0009DF81020D4F82C012B4640F6441142F044
:1000D000020532468DF81050FDF732FD2368114AB3
:1000E000D3F8B430934216D101210223D4F82C0165
:1000F0003246CDE900114FF643741946ADF8104071
:100100006FF00505FDF7E0F9DAE56FF01305D7E5C7
:1001100020469847A7E7204644F2FF3198476FF002
:100120000505CDE52DE3020070B59FED1E0A1E4DBD
:1001300004460E46FF2101F0FDF800234FF4407005
:1001400000220121A4F828012560C4F82431C4F854
:10015000303184F83431C4F84431C4F84831A4F85B
:100160004C3184F84E3184F8603184F86831C4F839
:100170002C6184F83C11A4F83631C4F84031A4F85D
:100180005031C4F85C31C4F8643184F8213184F80A
:100190002231C4F83821C4F85421C4F8582120462B
:1001A00070BD00BF0024743F54980300D0F82C3178
:1001B0002DE9F041044618680D46996A0368826883
:1001C0001B6884B09847D4F82C311868996A036882
:1001D000C2685B689847D4F82C311868036801211D
:1001E0005B699847D4F82C311868996A03680269EA
:1001F0005B68984725B90025284604B0BDE8F08122
:10020000D4F82C31234F18680368DB6998472368BA
:100210009B68BB4280464FF001064FF0010134D18C
:10022000D4F82C0194F82251FDF79EFED4F82C311D
:100230001868196A0368C2685B689847D4F82C018B
:100240008DF80C50CDE90066012303AA8021FDF74B
:100250003BF90546002DCED0D4F82C311868036840
:10026000DB699847A0EB0800B0F57A7F4FF00A01F0
:10027000C2D2D4F82C31186803685B6998472368A8
:100280009B68BB424FF00101CAD020469847054603
:10029000E0E700BFD5E60200F0B52DED028B85B09A
:1002A00004AEFF2306F8043D012304463246D0F88D
:1002B0002C011121CDE90033B0EE408AFDF7CAFCD4
:1002C0009DF80C70012F40F09980B5EEC08AF1EED8
:1002D00010FA75D4DFED4E7AB4EEE78AF1EE10FA3B
:1002E0006EDCF6EE007A68EE277A17EE900A06F0DA
:1002F000DDFD45A3D3E9002306F07AFC07F0C8F83A
:10030000C0B20F2866D00AD93E286FD034D97D28D4
:100310005CD0FA2854D1062384F8283109E0052856
:100320005CD031D907285DD00A2849D1092384F847
:10033000283194F83C0184ED4E8A94F8302194F8E9
:10034000311138BB94F83271D4F82C01002562F3D6
:10035000070563F30F2561F31745012367F31F6555
:10036000CDE90033324604238B210395FDF7ACF829
:1003700005B0BDEC028BF0BD14283BD01F281FD167
:10038000032384F82831D4E7032819D1002384F803
:100390002831CEE7012000FA02F507EE905AF8EE78
:1003A000677AB3EE007AC7EE886AF4EEC76AF1EEB8
:1003B00010FAB6BF002784F8320184F83271C3E71F
:1003C0006FF0070005B0BDEC028BF0BD052384F88B
:1003D0002831AEE7022384F82831AAE7082384F8FD
:1003E0002831A6E784F828713B46A2E7042384F865
:1003F00028319EE70A2384F828319AE76FF013002A
:10040000B6E700BFAFF300807B14AE47E17A843FCC
:100410000000FF43000000002DE9F0412DED028BAC
:1004200088B0044608AD03A880E80E004FF0FF082E
:1004300005F8088D0126D4F82C019DED048A334679
:100440002A46CDE900661121FDF704FC9DF818301D
:10045000002B56D0012B40F02781D4F82C018DF8C9
:100460001880CDE900332A4611219DF80C70FDF764
:10047000F1FB9DF81830012B40F01F817A1F072AED
:1004800000F21E8194F83C0184F8307194F8281130
:1004900094F8312100BB94F83231D4F82C010026B5
:1004A00067F3070661F30F2662F317464FF0010862
:1004B00063F31F66CDE9008804232A468B21069644
:1004C000FDF702F80746002800F09080384608B093
:1004D000BDEC028BBDE8F08103FA07F007EE900A4D
:1004E000D4ED4E6AF8EEE77A87EEA67AF3EE007A5C
:1004F000B4EEE77AF1EE10FAB8BF002384F8323197
:10050000CBE723689DED030A5B6B204698470746BF
:100510000028DBD12368744A9B6B934240F0C7806C
:10052000D4F82C018DF818803346CDE900662A46B0
:100530001121FDF78FFB9DF81830002B40F0BD8096
:10054000B5EEC08AF1EE10FA00F1A88018EE100A9C
:1005500006F0ACFC60A3D3E9002306460F4606F084
:100560006FFF002840F0AF80DFED607AB4EEE78ADD
:10057000F1EE10FA00F3A78059A3D3E90023304627
:10058000394606F0EBFC06F083FFC0F30743C0F3E7
:1005900007265FFA80FC8DF81D300123D4F8401146
:1005A000C4F84401D4F82C018DF81E60CDE9003365
:1005B0002A460F0C94F849518DF81A100E0A94F837
:1005C00048418DF8187008238B218DF81FC08DF8D5
:1005D00019608DF81B508DF81C40FCF775FF07461D
:1005E000384608B0BDEC028BBDE8F081B0EE480A99
:1005F0002046FFF751FE074600287FF467AFD4F886
:100600002C014346FF26CDE900882A4611218DF8AA
:1006100018609DF81460FDF71DFB9DF818304345E8
:100620004BD1721F032A51D8043E94F83C0194F830
:10063000302194F82811F6B284F83161B8B994F8F1
:100640003231D4F82C01002762F3070761F30F273A
:1006500066F31747012163F31F67CDE900112A46AE
:1006600004238B210697FCF72FFF07462EE703FA9A
:1006700002F007EE900AD4ED4E6AF8EE677A87EE44
:10068000A67AF3EE007AB4EEE77AF1EE10FAAEBF96
:1006900084F8323184F832713B46D2E74FF0750C62
:1006A000022640F2752076E74FF0FF370EE7B0EEF6
:1006B000480A20469847074608E76FF0130705E702
:1006C0006FF0080702E76FF06507FFE66FF00907B4
:1006D000FCE600BFAFF30080333333333333E33F03
:1006E000FCA9F1D24D62904001E9020000004843AC
:1006F000F0B585B004AEFF2306F8043D012304469F
:100700000F46D0F82C013246CDE900331121FDF718
:10071000A1FA9DF80C30012B3BD17A1F072A35D85E
:1007200094F83C0184F8307194F8281194F8312140
:10073000B8B994F83231D4F82C01002567F30705D5
:1007400061F30F2562F31745012163F31F65CDE9BE
:100750000011324604238B210395FCF7B5FE05B04A
:10076000F0BD03FA07F007EE900AD4ED4E6AF8EEFA
:10077000E77A87EEA67AF3EE007AB4EEE77AF1EE46
:1007800010FAB8BF002384F83231D4E76FF00800C4
:10079000E5E76FF01300E2E72DE9F04F87B006AD13
:1007A000FF2605F80C6D012604468946D0F82C0179
:1007B0009DF840A090461F462A46CDE90066334684
:1007C0001121FDF747FA9DF80C20002A5AD1B145B6
:1007D00000F0AE80C0F0B480B9F1020F40F0A2800A
:1007E000BAF1000F00F0B080062284F84A218DF89B
:1007F00013200122B4F8503194F84B1194F84C6155
:10080000D4F82C018DF80D30CDE900221A0A8DF8AC
:100810000C2094F84D3194F84E218DF80F100521DD
:100820008DF810608DF81430FF268DF811208DF8AA
:100830000E1009232A468C218DF81260FCF744FE25
:10084000064600286AD14FEA182C2A46D4F82C0113
:100850008DF80CC0022340F2BC618DF80D80FDF7CD
:100860006FF9D4F82C018DF80D702A463F0A022347
:1008700040F2BE618DF80C70FDF762F9304607B0AA
:10088000BDE8F08F012A63D119F1000918BF4FF0BC
:10089000010900262B4640F23671D4F82C0184F869
:1008A00033918DF80C60B4F83671D4F864A194F8E3
:1008B00034B194F86881FDF7EFF8D4F82C01FDF716
:1008C00093F9064650BB9DF80C60D4F82C01B8F1A2
:1008D000010F0CBF06F0FB0646F0040601232A4672
:1008E00040F236718DF80C60FDF72AF90123D4F837
:1008F0002C018DF80D70CDE900332A463F0A0623FE
:100900008C218DF80C708DF80EB08DF80FA08DF83D
:1009100010908DF81180FCF7D7FD0646304607B0E1
:10092000BDE8F08F6FF42F76304607B0BDE8F08F4A
:10093000BAF1000F3FF459AF042284F84A2156E778
:1009400084F84A61324652E784F84A914A464EE7B3
:100950004FF0FF36E2E700BF90F82131002B40F066
:10096000EC802DE9F0430368A54A9B68934285B06B
:100970000446884610EE106A40F0B4800121D0F899
:100980002C0194F82271FDF7EFFAD4F82C31186895
:10099000196A0368C2685B6804AD984705F8047D6E
:1009A0000123D4F82C012A46CDE900338021FCF73D
:1009B0008BFD0127D4F82C010223CDE900774FF0FD
:1009C00000092A461721ADF80C90FDF743F99DF870
:1009D0000D309B066FD407EE906AF0EEE77A17EEC3
:1009E000900A06F063FA74A3D3E9002306F032FDFF
:1009F000814600286BD1304606F058FA70A3D3E93F
:100A0000002306460F4606F0F1F821F00043194690
:100A100069A3D3E9002306F01DFD40B38DF80C90C7
:100A200007EE908AF8EE677A17EE900A06F03EFA23
:100A300065A3D3E9002306F091FA06F029FD01230E
:100A40000646C4F85C81D4F82C018DF80F602A4664
:100A5000340A350CCDE90033972104238DF80D506D
:100A60008DF80E40FCF730FD05B0BDE8F08358A3CB
:100A7000D3E900233046394606F0B8F821F00043A8
:100A800019464DA3D3E9002306F0E4FC30BB52A382
:100A9000D3E900233046394606F0A8F821F0004398
:100AA000194645A3D3E9002306F0D4FCE8B102239C
:100AB0008DF80C30B4E7D4F82C01ADF80C90CDE9EA
:100AC000007702232A460721FCF7FEFC83E7204635
:100AD0000121FFF76BFB05B0BDE8F08301238DF822
:100AE0000C309DE7984703AD63E73DA3D3E90023AE
:100AF0003046394606F07AF821F0004319462EA315
:100B0000D3E9002306F0A6FC98B937A3D3E9002364
:100B10003046394606F06AF821F00043194626A30C
:100B2000D3E9002306F096FC48B104238DF80C307D
:100B300076E703238DF80C3072E7324870472CA318
:100B4000D3E900233046394606F050F821F000433F
:100B5000194619A3D3E9002306F07CFC18B105233C
:100B60008DF80C305CE70022274B3046394606F002
:100B70003DF821F0004319460FA3D3E9002306F006
:100B800069FC18B106238DF80C3049E71AA3D3E9A4
:100B900000233046394606F029F821F00043194673
:100BA00005A3D3E9002306F055FC18B107238DF8FF
:100BB0000C3035E7134857E7FCA9F1D24D62503F9E
:100BC0009A9999999999F93FFCA9F1D24D62B03F50
:100BD000333333333333FB3FCDCCCCCCCCCCFC3FA5
:100BE0009A999999999901403333333333330340B8
:100BF0009A999999999905406666666666660A406B
:100C0000D5E6020041FDFFFF0000084010B50024BA
:100C100084B061F3070463F30F249DF81830D0F813
:100C20002C0162F3174404AA63F31F64012342F802
:100C3000044D9521CDE900330423FCF745FC04B0B5
:100C400010BD00BF08B5D0F82C01FCF779FF0020DB
:100C500008BD00BF38B504461D46D0F82C01134628
:100C60002A46FCF719FFD4F82C01BDE83840FCF700
:100C7000BBBF00BF30B52DED048BB7EE009A30EE50
:100C8000490AF5EE008A87B020EE280AB0EE608AA5
:100C9000054605F061FF38EE098AFCEEC07A28EEC1
:100CA000280ACDED037A05F011FFFCEEC07A9DF81D
:100CB0000C40CDED037A9DF80C30D5F82C01E107FE
:100CC0005CBF04F1FF34E4B2DA075CBF0133DBB28E
:100CD0008DF815300123CDE9003305AA02239821B0
:100CE0008DF81440FCF7F0FB07B0BDEC048B30BD71
:100CF00000B5012383B00A46D0F82C019821CDE934
:100D000000330223FCF7E0FB03B05DF804FB00BFF7
:100D100030B585B001230D4604468DF80D20D0F87E
:100D20002C018DF80C50CDE9003303AA02238E214B
:100D3000FCF7CAFB08B984F8605105B030BD00BFAC
:100D400010B5DFED157A60EE277A84B0044617EE11
:100D5000900A06F0ABF80022104B06F0FFF806F000
:100D600097FB0023020E62F30703020C62F30F23CA
:100D7000020A62F3174304AA60F31F6342F8043DBA
:100D80000123D4F82C018621CDE900330423FCF79C
:100D90009BFB04B010BD00BF0000004C0000A03F52
:100DA000F0B583B002AC002304F8013D05462346AC
:100DB000D0F82C0101220F4640F6D801FCF76CFE5A
:100DC000D5F82C01FCF710FF064680B99DF80730D6
:100DD00087B923F01E0343F008038DF8073022463D
:100DE000D5F82C01012340F6D801FCF7A9FE3046C6
:100DF00003B0F0BD43F01E03EFE700BF2DE9F04163
:100E000086B006AD002325F8083D01240646884635
:100E1000D0F82C012A46CDE9004402238F21FCF7AB
:100E200053FB10B106B0BDE8F08106AFD6F82C0137
:100E300007F8108D2346CDE900443A468A21FCF795
:100E400043FB0028EED196F82231D6F82C0101940C
:100E5000002B14BF4FF0300C4FF0200C23460094B1
:100E60003A4693218DF808C0FCF72EFB0346002874
:100E7000D8D196F83021D6F82C01ADF80C300D32CF
:100E800003214FF00A0C8DF80E308DF809208DF8F3
:100E90000810CDE9004407233A468821ADF80AC07E
:100EA000FCF712FB0028BDD133682B4AD3F8B430CD
:100EB00093424AD10223D6F82C010194009419469A
:100EC0004FF643742A46ADF81040FCF7FDFA04468D
:100ED00008234FF00108D6F82C012A46CDE90088F6
:100EE00019460025CDE90455FCF7EEFA204300B27F
:100EF000002897D1D6F82C117F24CDE900804346F5
:100F000008463A4689218DF80840FCF7DDFA0028AA
:100F100088D1D6F82C311868036805215B69984799
:100F200005E0D6F82C3118680368DB6C9847D6F8D2
:100F30002C311868D96A03689B6898470028F0D15B
:100F4000D6F82C01FCF750FE6CE744F2FF31304636
:100F500098470446BCE700BF2DE302002DE9F047A7
:100F60002DED028B044686B0D0F82C019DF8409000
:100F7000B0EE408A0F4690461E46FCF743F9D4F87F
:100F80002C311868596AD0E900321B689847D4F8A8
:100F90002C311868D96AD0E900321B689847D4F818
:100FA0002C31B44A9A60102001220825B249DA7423
:100FB00018744FF440005D744FF00A0AD4F82451BD
:100FC000D86059611A7101212046FFF7EFF802AB92
:100FD00010224FF44871D4F82C01FCF75DFD02A9F2
:100FE0000622284607F0E8F80A21E8B9A34DA44AEA
:100FF000C4F85C010621FF2384F83401C4F8385199
:1010000084F82811A4F83661C4F83021C4F864319A
:1010100001212046FFF7CAF80546E0B1284606B090
:10102000BDEC028BBDE8F087D4F82C31186803685A
:101030005B6998470AF1FF3313F0FF0AC3D1D4F874
:101040002C01FCF7F3F86FF00105284606B0BDEC63
:10105000028BBDE8F08723688A4A9B68934240F080
:10106000E1800121D4F82C0194F82251FCF77CFF97
:10107000D4F82C311868196A0368C2685B6898470D
:101080000123D4F82C018DF80850CDE9003302AAD1
:101090008021FCF719FA0546002DBFD194F82131C3
:1010A00073B9B5EEC08AF1EE10FA09DDB0EE480A68
:1010B00041F288312046FFF74FFC05460028ADD1AC
:1010C00001212046FFF79AFE05460028A6D10123FC
:1010D000D4F82C014FF0FF0C02AACDE90033112106
:1010E0008DF808C0FCF7B6FD9DF80820012A40F0F5
:1010F000B4807B1F032B00F2B9803B1F94F83C7136
:1011000094F8301194F82801DBB284F83131002FC3
:1011100040F08C8094F83221002561F3070560F3DC
:101120000F2563F31745012762F31F65D4F82C01DF
:101130000295CDE90077042302AA8B21FCF7C4F9BC
:10114000054600287FF46AAFD4F82C013B46CDE970
:101150000077FF2502AA11218DF80850FCF77AFDCF
:101160009DF80870012F78D128F00F0040F004009E
:101170004FEA081545F00405022302AA4FF4E8617E
:101180008DF80800D4F82C018DF80950FCF7D8FC34
:10119000236831465B6D20469847054600287FF45A
:1011A0003DAFD4F82C013B46CDE9007702AA962149
:1011B000B9F1000F54D08DF80850FCF785F90546B9
:1011C000002D7FF42BAF01261825012302AA40F63B
:1011D000E701D4F82C018DF80850FCF7B1FCD4F8E5
:1011E0002C018DF8086002AACDE9006633469D21E6
:1011F000FCF76AF9054600287FF410AF009641F22B
:10120000210341F60F5202212046FFF7C5FA054699
:1012100000287FF403AF236801465B6C20469847A3
:101220000546FBE620469847054635E702FA01F7F2
:1012300007EE907AD4ED4E6AF8EE677A87EEA67ADA
:10124000F3EE007AB4EEE77AF1EE10FAAEBF84F86E
:10125000322184F832512A465EE76FF01305DDE64D
:101260008DF80870FCF730F90546A9E76FF009051D
:10127000D4E600BF1D000D00E1E202000000FA43C9
:1012800009030001D5E602006FF01800704700BFA7
:101290006FF01800704700BF6FF01800704700BF74
:1012A0006FF01800704700BF6FF01800704700BF64
:1012B0006FF01800704700BF6FF01800704700BF54
:1012C0006FF01800704700BF6FF01800704700BF44
:1012D0006FF01800704700BF84B004A800E90E004A
:1012E0006FF0180004B0704700207047BBEE090A89
:1012F000704700BF002070476FF01800704700BFB4
:101300000020704700207047704700BF704700BF43
:101310006FF01800704700BF704700BF0368044AB1
:10132000DB68934202D16FF0180070470021184724
:10133000A112030070B5114B044600252DED028B60
:101340000E46B0EE408A03608581857329460F30D2
:101350004FF4807206F010FBC4F81051C4F8145119
:1013600084F81851C4F81C5184F8205184ED018A86
:10137000A660BDEC028B204670BD00BF149903002F
:1013800038B590F820316BB9D0F81051D0F81C2145
:10139000D0F8144141EA45010A40A242C0F81011B8
:1013A00022D038BD457B037B054401249C4095F940
:1013B0000F2064B2A1B922EA0402D2B2EA73591C26
:1013C000C9B208290173ECD104461046FCF7B4FDFC
:1013D000637BE11800220133C8736373227338BD45
:1013E0002243D2B2EA73EAE701228381837380F851
:1013F000202138BD21B1034B880143F00103184778
:10140000704700BF309A030008467047C069FBF779
:10141000A5BD00BFC069FBF7E5BD00BF72B1F8B55F
:101420004C1E0746A6185D1E14F8011FF869FBF74D
:101430008DFEB44205F8010FF6D1F8BD704700BF2C
:1014400004F04EBD4B1C02D0C8B201F047BA704741
:1014500008461146421C03D01A46C0B201F004BB34
:10146000704700BFC069FBF729BE00BF00F1200331
:1014700093E80600C069FBF7BDBD00BF08461146F2
:10148000421C02D01A4604F0CDBC0020704700BFB9
:1014900008B50A4BDB68D90103D5094B1A68D20796
:1014A00008D402F0ADFF074BA0FB0323900A40EAEB
:1014B000835008BD5868800908BD00BFF0ED00E00A
:1014C000001000E040420F0001F068BD084601F046
:1014D00071BD00BF4B1C02D0084601F0C1BC704773
:1014E00008461146421C02D01A4601F0AFBB7047B5
:1014F0004B1C02D0084605F019B80020704700BF09
:101500004B1C084602D0114604F0F4BF704700BFE0
:101510004B1C084602D0114604F068BF704700BF5C
:1015200090F8282002B9704702680449926B8A42F9
:1015300002D1C069FBF756BD104700BF1514030068
:1015400090F8282002B9704702680449926A8A42DA
:1015500002D1C069FBF702BD104700BF0D140300A4
:1015600030B585B00125002303210422CDE90121F6
:1015700000952A461946044600F01EF80748084917
:10158000084A20600023204684F8255084F828501B
:10159000C4E9071284F8243005B030BDD0990300A7
:1015A0004C79002080841E00704700BF704700BF48
:1015B000704700BF0846704730B4416082600299AE
:1015C000039A044DC360049B0560C0E90412836163
:1015D00030BC7047409A03002DE9F843244F814600
:1015E000884647F001070826012417E072B600215B
:1015F000284604F07FFF2846012104F0F7FE4FF44F
:101600002070B8472846012104F074FF62B64FF4F9
:101610005C60B8476400013EE4B21BD018EA0401E4
:10162000D9F80050E2D172B6284604F063FF28468C
:10163000012104F0DBFE4FF48250B8472846012117
:1016400004F058FF62B64FF4A070B8476400013E42
:10165000E4B2E3D172B63146D9F8000004F0C6FE18
:101660003146D9F8000004F045FF62B6BDE8F883C2
:10167000C09A030038B50D4604460021284604F000
:10168000B5FE0023A360256063602374A3746374B4
:10169000E373C4F80B3038BD70B5066872B600212C
:1016A000304604F0A3FE62B6184D7C2445F00105D7
:1016B00002E013F0FF0426D08020A847304604F053
:1016C00035FF631E0028F4D072B60021304604F0C6
:1016D00011FF3046012104F089FE62B64FF4F0405C
:1016E000A84772B60021304604F080FE4FF48C50BB
:1016F000A847304604F01AFFB0FA80F4640962B6D5
:101700004FF4CD40A847204670BD00BFC09A0300EB
:1017100038B5056872B6012128460E4C04F066FE05
:101720002846002104F0E6FE44F00104C020A04752
:101730000021284604F05AFE4FF42070A0472846A6
:1017400004F0F4FE054662B64FF45460A047E8B2D8
:1017500038BD00BFC09A03002DE9F047264F8146EF
:101760008846924647F001070826012417E072B622
:101770000021284604F0BEFE2846012104F036FE72
:101780004FF42070B8472846012104F0B3FE62B63A
:101790004FF45C60B8476400013EE4B21BD018EA25
:1017A0000401D9F80050E2D172B6284604F0A2FE36
:1017B0002846012104F01AFE4FF48250B84728460B
:1017C000012104F097FE62B64FF4A070B8476400A0
:1017D000013EE4B2E3D1BAF1000F0BD172B651462B
:1017E000D9F8000004F002FE5146D9F8000004F0D8
:1017F00081FE62B6BDE8F087C09A03002DE9F84388
:10180000174D804645F0010508264FF000090127D5
:10181000D8F8004072B60121204604F0E7FD2046CA
:10182000002104F067FEC020A8470021204604F0F4
:10183000DDFD4FF42070A847204604F077FE0446F3
:1018400062B64FF45460A84714F0FF0F18BF47EA80
:1018500009097B00013EDFB2DAD14846BDE8F883D2
:10186000C09A03002DE9F84F4B4E80468A4646F059
:1018700001060827012417E072B60021284604F06B
:1018800039FE2846012104F0B1FD4FF42070B04725
:101890002846012104F02EFE62B64FF45C60B0478A
:1018A0006400013FE4B21BD014F05501D8F8005099
:1018B000E2D172B6284604F01DFE2846012104F04C
:1018C00095FD4FF48250B0472846012104F012FEE6
:1018D00062B64FF4A070B0476400013FE4B2E3D1B8
:1018E00072B63946D8F8000004F080FD3946D8F8C1
:1018F000000004F0FFFD62B60AF1FF390AF1070AA1
:1019000019F8017F4FF0080B012417E072B6284642
:1019100004F0F0FD2846012104F068FD4FF48250E8
:10192000B0472846012104F0E5FD62B64FF4A070EF
:10193000B0476400BBF1010BE4B21DD017EA04010B
:10194000D8F80050E2D072B60021284604F0D2FD4B
:101950002846012104F04AFD4FF42070B047284684
:10196000012104F0C7FD62B64FF45C60B04764002B
:10197000BBF1010BE4B2E1D172B65946D8F80000D0
:1019800004F034FD5946D8F8000004F0B3FD62B607
:10199000D145B5D1BDE8F88FC09A03002DE9F041DB
:1019A000244F804647F001070826012417E072B64D
:1019B0000021284604F09EFD2846012104F016FD72
:1019C0004FF42070B8472846012104F093FD62B619
:1019D0004FF45C60B8476400013EE4B21BD014F0E1
:1019E000CC01D8F80050E2D172B6284604F082FD4E
:1019F0002846012104F0FAFC4FF48250B8472846EB
:101A0000012104F077FD62B64FF4A070B84764007E
:101A1000013EE4B2E3D172B63146D8F8000004F0DA
:101A2000E5FC3146D8F8000004F064FD62B6BDE87C
:101A3000F08100BFC09A03000023836003748374A5
:101A40004374C373C0F80B30704700BF2DE9F04FEB
:101A500083B0837C009105462BB10020A8742882B6
:101A600003B0BDE8F08F1446FFF716FE0028F4D04F
:101A7000002C00F0D680F0212846FFF7ADFD734C16
:101A800001264FF000093443B046CDF804902F688A
:101A900072B60121384604F0A9FC3846002104F052
:101AA00029FDC020A0470021384604F09FFC4FF4D8
:101AB0002070A047384604F039FD5FFA80FB62B61B
:101AC0004FF45460A0472F6872B60121384604F0E5
:101AD0008DFC3846002104F00DFDC020A0470021F8
:101AE000384604F083FC4FF42070A047384604F0D9
:101AF0001DFD5FFA80FA62B64FF45460A047BBF157
:101B0000010F7ED0DA452F685DD12B7C434540F232
:101B1000828005EB0902137A1E4214BF01230023C1
:101B2000002B74D1B8F1080F01D885F81180137A11
:101B3000CDF8048023EA0603137272B600213846FA
:101B400004F0D8FC3846012104F050FC4FF48250D8
:101B5000A0473846012104F0CDFC62B64FF4A070D6
:101B6000A047760008F1010816F0FF065FFA88F832
:101B700008D109F101095FFA89F9B9F1070F04D811
:101B8000012684E7B9F1070F81D9B8F1400F7FF63C
:101B900064AF019A2A740AB90123AB742A7A002A25
:101BA0003FF45BAF009805F10803011D8B4203D29F
:101BB00005F10C03984239D3009AAB681360EB68C7
:101BC000536001204CE705EB09021BF0010F117A6D
:101BD00021EA06011172B0D072B60021384604F035
:101BE00089FC3846012104F001FC4FF42070A04725
:101BF0003846012104F07EFC62B64FF45C60A047D9
:101C0000AFE7BAF1010FC0D02F6805EB0902137AD4
:101C100033431372E0E70CBF0123002305EB0902F5
:101C20007EE7EC212846FFF7D7FC28E702706B7AA5
:101C30004370AB7A8370EB7AC3702B7B03716B7B41
:101C40004371AB7B8371EB7BC371BAE7C09A03002E
:101C5000B9B110B44A1ED2B201320B4B024400217A
:101C600010F8014B614001F00F0403EB11111C5DF2
:101C7000097C904281EA0401F2D108465DF8044BE8
:101C800070470846704700BF949A030030B40022A2
:101C900001240925C570047144718471C160C26159
:101CA0004270C2710272027030BC7047F0B50446D7
:101CB00087B0C068FFF7C0FE0023E068E3712372BD
:101CC000012508E0072101A8FFF7C2FF9DF80B30AE
:101CD000834208D0E068012201A9FFF7B7FE00287F
:101CE000F0D107B0F0BDE3799DF80410E06801334E
:101CF000A1F11002E371322AEDD801A353F822F0CA
:101D0000CD1D0300D71C0300D71C0300D71C030004
:101D1000D71C0300D71C0300D71C0300D71C0300EB
:101D2000D71C0300D71C0300D71C0300D71C0300DB
:101D3000D71C0300D71C0300D71C0300D71C0300CB
:101D4000D71C0300D71C0300CD1D0300D71C0300C4
:101D5000D71C0300D71C0300D71C0300D71C0300AB
:101D6000CD1D0300D71C0300D71C0300D71C0300A4
:101D7000D71C0300D71C0300D71C0300D71C03008B
:101D8000D71C0300D71C0300D71C0300D71C03007B
:101D9000D71C0300D71C0300D71C0300D71C03006B
:101DA000D71C0300D71C0300D71C0300CD1D030064
:101DB000D71C0300D71C0300D71C0300D71C03004B
:101DC000D71C0300D71C0300CD1D0300237A2678FF
:101DD000013323726EB1102905D10C23E2789A42A7
:101DE00038BFE37077E7FFF757FCD0B90023E0680E
:101DF000F4E7FFF751FC01A9E068FFF733FDE06865
:101E00003246B421FFF7A8FCE068FFF781FC002808
:101E100052D1E068FFF740FC9DF80410E06825709F
:101E2000D9E701A9E068FFF71DFD0022BE21E068A7
:101E3000FFF792FC0DF10B0605AFE068FFF7DEFC43
:101E400006F8010FBE42F8D1E068FFF725FC012833
:101E5000CCD19DF80C30C3B99DF80D30ABB99DF8CD
:101E60000E3093B99DF80F307BB99DF8103063B9EF
:101E70009DF811304BB99DF8123033B99DF81330ED
:101E80001BB99DF81430002BB0D0082103A8FFF730
:101E9000DFFE9DF814308342A8D19DF804209DF800
:101EA00010303B2A13D03F2B16D00CD95F2B11D00A
:101EB0007F2B9BD10C239AE7E068FFF7EDFB9DF8A1
:101EC0000410E06887E71F2B90D109238FE71A06DB
:101ED000F0D4E8E70B238AE70A2388E7F8B50C4635
:101EE0000546002303600123C8682B70FFF7D4FB6D
:101EF000E068FFF753FD2278E0684421FFF72CFCEF
:101F000001F04CF8237968600BB92846F8BD637975
:101F100093B1237883B9064640F2ED2706E001F03D
:101F20003DF8801BB842F0D803F0DAFFE068FFF715
:101F3000EFFB0128F3D1E8E7E378093BDBB2022BA2
:101F40009CBF0C4A32F81360637888BF40F2EE26DB
:101F50005BB9304601F02EF86378002BD5D0A0781D
:101F6000012104F0C7FA2846F8BD0021A07804F04A
:101F7000C1FAEEE7C89A030070B5064686B0C0689D
:101F80000D46FFF759FD0024012201A9F068FFF773
:101F90005DFDE3B2013420B19D4206D0E3B29D4223
:101FA000F2D29FED460A06B070BD072101A8FFF7E7
:101FB0004FFE9DF80B308342F0D1F068FFF76CFBC9
:101FC0000028EED001A9F068FFF74CFC0022BE21EA
:101FD000F068FFF7C1FB0DF10B0405ADF068FFF7EA
:101FE0000DFC04F8010FA542F8D1F068FFF754FB8F
:101FF0000128D6D19DF80C30C3B99DF80D30ABB98E
:102000009DF80E3093B99DF80F307BB99DF81030D4
:1020100063B99DF811304BB99DF8123033B99DF872
:1020200013301BB99DF81430002BBAD0082103A837
:10203000FFF70EFE9DF814308342B2D19DF80D10CB
:102040009DF804001E4B9DF80C2011F0800F08BF76
:1020500000233B281ED0D20042EAC122102843EAC6
:1020600002030ED19DF8130058B116499DF81220B5
:1020700001EAC301831AA1F12002DB0193FBF0F313
:10208000134413F5DC5F8CDD00EE103ABAEEEC0A77
:1020900006B070BD9DF91000002804DBC90241EABA
:1020A000C2021343EDE7D0073FF57BAFD20002F445
:1020B000FC6242EAC1221343E3E700BF0000FEC214
:1020C0000000F8FF80FF0700704700BF203000F0DD
:1020D000EDBB00BF203000F0DBBB00BF203000F0C4
:1020E000EBBB00BF38B5437F0BB9002038BD00F112
:1020F000680420460D4600F0E7FB0028F5D1204695
:10210000294600F0B3FB012038BD00BF2DE9F047A0
:102110005AB30646DFF8588033681B684D1E4345A6
:1021200017464FF0000400F1680915F801AF16D109
:10213000737F13B92046BDE8F087484600F0C4FB22
:102140000028F7D15146484600F090FB0134A742E1
:10215000F0D0336815F801AF1B684345E8D051460D
:10216000304698470028F1D1E4E71446E2E700BF83
:10217000E520030010B4837E1F2B4FF0010288BFBF
:1021800003F01F03C27603F5E0738CBF284A4FF0BB
:10219000A04240F20C6142F82310437E1F2B86BF01
:1021A00003F01F03224A4FF0A04203F5E07340F210
:1021B0000C6142F8231003694FF0CC72C3F8242558
:1021C00003690622C3F800250369827EC3F8082547
:1021D0000369427EC3F80C2590F91830002B14DAFD
:1021E000144A03F00F031A446023137690F9183051
:1021F000002B07DB104903F01F0001225B0982401E
:1022000041F823205DF8044B70475909603103F011
:102210001F030124084A04FA03F342F8213090F91D
:102220001830002BDCDB1344602283F80023DDE749
:1022300000030050FCEC00E000E100E0C37E1BB9AD
:102240004269C2F80035704703690022C3F80025CF
:10225000704700BF0AB9104670472DE9F0410546A6
:1022600000F12008404614461E460F4600F00CFBC5
:102270002B69C3F888752A69012313622A69C2F899
:1022800034852A69C2F838452A6913602A6902E050
:10229000D2F824311BB9D2F84C110029F8D0002310
:1022A000C2F84C312A6902E0D2F8241119B9D2F8E7
:1022B0005C110029F8D00023C2F85C312B696EB99B
:1022C000D3F8242152B90122DA612A69D2F84831BF
:1022D000002BFBD00023C2F8483109E001225A61EB
:1022E0002A69D2F80431002BFBD00023C2F8043154
:1022F0002B69D3F824211AB10022C3F824212B69B9
:10230000D3F83C052866C0B2BDE8F08110B504469C
:10231000683084F8B01000F0B7FA0123637710BD7D
:1023200070B5026990F8B01000234377C2F88815A1
:102330000269C2F80431036901261E62036900F1D3
:1023400068050446C3F84455284600F0AFFA2369EF
:10235000C3F8480523699E60236902E0D3F824216D
:102360001AB9D3F85021002AF8D00022C3F850211E
:10237000284600F09BFA236918BB0022C3F86021AD
:10238000236901225A612269D2F80431002BFBD063
:102390000021C2F804112369D3F8240160B1C3F805
:1023A00024112369D3F8C404C3F8C404022803D059
:1023B000042814BF0420032070BDD3F82421002A70
:1023C000DBD1D3F86021002AF7D0D6E770B5294CCD
:1023D0006369D3F86421002A3AD1D3F86821E2B9BD
:1023E000D3F8042162B1227F0021C3F804113AB16D
:1023F000D4F8B820D3F83C0520660AB19047636949
:10240000D3F8242142B10022C3F82421D3F8D024E8
:10241000C3F8D02401225A6170BD0022C3F868219C
:10242000154822770123637700F02EFAD4F8B430F0
:1024300003B1984763691048C3F8440500236377E4
:1024400000F034FA63690122C3F848055A63C7E70C
:10245000002204F12006C3F86421012530462577C7
:1024600000F012FA63694022C3F83465C3F83825D6
:102470001D63B2E760790020C879002038B50E4CA2
:102480000E4A20464FF47A7340F8202B0025C4E909
:10249000015300F0E1F904F1680000F0DDF9084AA9
:1024A000084B6577D2E91612032020766176A27672
:1024B000C4E9043338BD00BF60790020D89A030016
:1024C000F49A03000030004000220260704700BF11
:1024D0000160704730B587B069460546012301A801
:1024E000022204F013FA01A842F2B11104F018FA22
:1024F00018B10446204607B030BD2A6801A9622001
:1025000004F05AF90446012000F054FD204607B0BB
:1025100030BD00BF000000002DE9F04190B007463B
:102520008846164604A909221D460BA8012304F07B
:10253000EDF90BA84EF6054104F0F2F9044618B186
:10254000204610B0BDE8F0810BA93A68622004F083
:1025500033F904460028F3D1012000F02BFD04A933
:10256000092207A804F0EAF901213B68009107AAB3
:102570000921622004F040F904460028E0D14146D8
:1025800007A804F0E5F903A9044607A804F0E0F958
:102590000DF10E01044307A804F0DAF9A4B20443D4
:1025A000A4B2002CCCD1BDF80C0004F06DFC10A33B
:1025B000D3E9002304F0D2FC00220B4B04F016FBFD
:1025C00004F086FF3060BDF80E0004F05DFC4FF0B3
:1025D0001912064B04F0C2FC04F07AFF2860204672
:1025E00010B0BDE8F08100BF008046401900593F9F
:1025F00016E015E015E0653F30B587B06946054641
:10260000012301A8022204F081F901A843F6867192
:1026100004F086F918B10446204607B030BD2A6898
:1026200001A9622004F0C8F804464FF4FA7000F0E3
:10263000C1FC204607B030BD70B58EB005460E46D1
:1026400009A804A9002401230322ADF80E4004F0D8
:102650005DF909A84EF2B84104F062F908B10EB074
:1026600070BD09A92A68622004F0A6F80028F6D1F6
:10267000012000F09FFC04A9032205A804F05EF9E4
:1026800001212B68009105AA0321622004F0B4F80F
:102690000028E4D105A80DF10E0104F059F9BDF8A8
:1026A0000E30C3F30A031B1B18BF01233370D6E798
:1026B00008B50121032003F099FE032003F058FF21
:1026C0000121042003F092FE042003F051FF0121B8
:1026D000222003F08BFE01212220BDE8084003F0F8
:1026E00009BF00BF69B170B5054608460C4605F044
:1026F0005BFD2B680246214628465B68BDE87040BA
:1027000018470846704700BF036870B505460C4679
:102710005E6849B1084605F047FD21460246284655
:10272000B0472B685E680446284602220149B0473C
:10273000204470BD809B0300036870B505460C46BD
:102740005E6849B1084605F02FFD2146024628463D
:10275000B0472B685E680446284602220149B0470C
:10276000204470BD809B0300F0B504468BB00F463B
:102770000568002A44D00A2A26D1002945DB0AAE82
:102780000023334806F8043D0B46A0FB0312D20891
:1027900002EB8201A3EB4103303306F8013D1346FF
:1027A000002AF2D1304605F0FFFC314602466B6844
:1027B000204698470646236826495B682046022241
:1027C000984730440BB0F0BD0AAED2B20023022AC3
:1027D00006F8043D2CBF10460A200A46B2FBF0F171
:1027E00000FB1127FBB2092F03F130078ABF3733F3
:1027F000FBB2DBB20A4606F8013D0029EED1D1E773
:102800002B68C9B298470646D5E72B682D21984713
:102810000AAD002306460E4805F8043D7B42A0FBA6
:102820000321C90801EB8102A3EB4203303305F811
:10283000013D0B460029F2D1284605F0B5FC23687E
:10284000024629465B68204698470644B3E700BF26
:10285000CDCCCCCC809B030008B54022002105F0F4
:102860008BF80022C0E9102208BD00BF10B4D0E9E7
:102870001024531C03F03F039C4218BF81545DF8A1
:10288000044B18BF036470470023C0E9103370473E
:10289000D0E91023934206D05A1CC35C02F03F02D9
:1028A0004264184670474FF0FF307047D0E910304F
:1028B000181A48BF40307047D0E91023934214BF24
:1028C000C05C4FF0FF307047D0E91030013303F0A7
:1028D0003F03181AB0FA80F040097047114B124AB2
:1028E0001968BFF35B8F4968BFF35B8F914200D0DB
:1028F00070470E4AD2F80015C9070FD530B40C4CFA
:10290000012500204FF0FF312560C2F8000530BCE2
:10291000C2F860151868044903F09ABE18680249A5
:1029200003F096BE1C7A0020546F6E6500200240B2
:1029300004200240222901D90020704770B5434E7F
:102940003368BFF35B8F0C465B684149BFF35B8F15
:102950008B4288B0054606D0306803F033FE10B9CC
:10296000002008B070BD3268394BBFF35B8F5268EE
:10297000BFF35B8F9A4259D0364A374B52F8242026
:10298000698AEC7DC3F860254FF0FF32C3F86425F7
:102990000120C3F86825C3F86C250722C3F8000599
:1029A000C3F80C250022C3F80425C3F8081505F167
:1029B0001401C3F81025C3F80042C3F80023C3F87C
:1029C0002015C3F84015C3F82405C3F84405A968C9
:1029D000C3F828152149EE682C8AC3F84865C3F866
:1029E0002C25C3F84C25C3F814450A600B680193E5
:1029F000019B4A6004311A4B0968029102991A60DE
:102A00001968039103995A605968049104999A606E
:102A1000996805910599DA60D968069106991A6155
:102A200010331B680793079B08B070BD0A4BD3F89F
:102A30000025D207A0D50B4A0120106000214FF0DD
:102A4000FF32C3F80015C3F8602595E71C7A002013
:102A5000546F6E65F49A0300002002400421024086
:102A60000C210240042002402DE9F843A1F1140496
:102A700046F294139C4215D8144606460D469AB960
:102A80004FF000084FF00009634C64492368BFF31E
:102A90005B8F5B68BFF35B8F8B421CD0206803F0B9
:102AA00091FDC0B9BDE8F883B2F57A7F09D202FB87
:102AB00001F3B3F57A7F04D24FF001084FF000091B
:102AC000E2E74FF47A720023A4FB050104F050FD05
:102AD00080468946D8E72268504BBFF35B8F526827
:102AE000BFF35B8F9A42DDD14D4BD3F80025D2075F
:102AF00009D54C4A0120106000214FF0FF32C3F885
:102B00000015C3F8602558EA09034749B1FBF5F100
:102B100089B230D1454F464B7982C7E900896FF0C1
:102B20007F486FF07F4943EA5103C7E902894FF6B6
:102B3000FF70BB82082204233882BA75FB753146C8
:102B40003A48FFF7F7FE0028ACD023683349BFF3BB
:102B50005B8F5B68BFF35B8F8B4204D0206803F010
:102B600031FD00289ED0BB7D03F1804303F508337F
:102B700001221A6096E742464B4600205B084FEA66
:102B8000320252EA030500F10100F7D1252889DC61
:102B90002748264FB9F1000F40EA510008BFB8F1AD
:102BA000010FB882C7E9008979822CD04046494696
:102BB000002349084FEA300050EA010203F1010303
:102BC000F7D11C4A5B00A2FB03235B0801259D4053
:102BD00018F1FF3049F1FF312A46002304F0C8FC08
:102BE00072B96A084FF00C0C6B1E9B1A0130013A47
:102BF0001021FB603882BA6087F816C0F9759EE72D
:102C00004FF0080CF0E7C7E9022301210C22102342
:102C10003982BA75FB7592E71C7A0020546F6E6595
:102C2000002002400420024048E80100207A0020F1
:102C30000080FFFFABAAAAAA024A034B92681A605F
:102C4000704700BF246100201C7A00202DE9F04766
:102C50007C4F3D6806460C46904675B1222E09D839
:102C600028F48073032BC8F3002224D0042B59D0FE
:102C7000022B3BD00020BDE8F08729462022724875
:102C800004F07AFE714A7249724B0D604FF0FF30CA
:102C9000C2E9000040224D60C3F88020BFF34F8F8F
:102CA000BFF36F8F6021C3F8802183F806131A6089
:102CB00001233B60D2E74FF40037674B634853F87A
:102CC000265090F900102B0203F47C5343F00103CB
:102CD0008D4243EA07030CD090F90160B54224D03D
:102CE00090F90270BD4222D1022603E04FF4403732
:102CF000E3E70026B10001F1804101F5C0418555AF
:102D0000D1F81005504F524D47F8264020F00310DF
:102D100020F47C5003430120AA55C1F81035B0407F
:102D2000BDE8F0874FF48037C7E70126E2E790F966
:102D300003C0654549D090F904E075455BD090F932
:102D4000058045456DD090F906904D4577D090F9B6
:102D500007A0AA4501D10726CCE7013123D13F497D
:102D6000D1F8101589071ED10026B10001F180416C
:102D700001F5C0418555D1F81005334F344D47F862
:102D8000264020F0031020F47C500343C1F8103596
:102D90000023C1F800310120304BAA55B040C3F8E0
:102DA0000403BDE8F087013606D12C49D1F814158B
:102DB000890701D10126D8E7013708D12749D1F881
:102DC00018158F0703D10226CFE7032692E7BCF13F
:102DD000FF3F06D12149D1F81C158E0701D10326EA
:102DE000C3E7BEF1FF3F08D11C49D1F82015890780
:102DF00003D10426B9E704267CE7B8F1FF3F06D1EA
:102E00001649D1F824158F0701D10526ADE7B9F190
:102E1000FF3F08D11149D1F828158E0703D10626A6
:102E2000A3E7052666E7BAF1FF3F7FF423AF0B491E
:102E3000D1F82C1589077FF41DAF072695E70626E4
:102E400058E700BF687A0020407A0020607A0020AE
:102E5000387A002000E100E0F49A030000600040AE
:102E6000222825D8264A274B52F8202093F9001013
:102E70008A4238D093F901108A4236D093F9021071
:102E80008A4234D093F903108A4232D093F9041065
:102E90008A4230D093F905108A422ED093F9061059
:102EA0008A4206D093F90710914208BF072101D04A
:102EB0007047062170B40120134E144C144D884005
:102EC000C6F808038A00002002F1804244F821007D
:102ED000FF2402F5C0425C546854C2F8100570BC6F
:102EE000C2F8000170470021E4E70121E2E7022176
:102EF000E0E70321DEE70421DCE70521DAE700BF94
:102F0000F49A0300607A002000600040407A0020BC
:102F1000387A00202DE9F0431B4B1C4FD3F8046393
:102F2000DFF86C80DFF86C9085B000240123A200EC
:102F3000A34002F18045334205F5C0450FD0D5F8D6
:102F4000003163B1E357013306D052F808201AB1BB
:102F500014F809307BB990470023C5F800310134DB
:102F6000082CE3D1BFF34F8F00BF00BF00BF00BFED
:102F700005B0BDE8F08304AB002143F8041D08460A
:102F8000009103F087F8E7E700600040607A0020D6
:102F9000407A0020387A0020FEE700BF08B501F033
:102FA0002FFA4FF47A72A0FB0223900A40EA835072
:102FB00008BD00BF014638B54FF47A720023800285
:102FC000890D04F0D5FA054601F01AFA0446F3F724
:102FD0007FF901F015FA001B854200D838BD281A88
:102FE000BDE8384001F030BB10B5044601F086FD65
:102FF000022804D02046BDE8104004F077BC01F060
:10300000F7F9204604F072FC044601F097FA0CB17F
:10301000204610BD02F076FFFAE700BF10B5044667
:1030200001F06CFD02280AD144B101F0E1F920461B
:1030300004F064FCBDE8104001F080BA10BD2046E9
:10304000BDE8104004F05ABC10B5044601F0D0F9B8
:10305000204604F04BFC044601F070FA0CB1204607
:1030600010BD02F04FFF204610BD00BF50B110B59B
:10307000044601F0BDF9204604F040FCBDE81040D4
:1030800001F05CBA704700BF38B51C469DF810507F
:1030900043B3002908BF1A460123C4E90F01226087
:1030A00084F8463001F0F4FFD4E90F132268A260DF
:1030B00001FB03F1CB1A134400200A44FF21A06353
:1030C000E36084F84410626084F8451004F1100055
:1030D00003F024FB04F1240003F020FB01F0E2FFE5
:1030E00084F84C50204638BDF8B5074615460E46C4
:1030F00069B100FB01F05030FFF7A6FF044690B322
:10310000002200F1500380F84620036007E05020C1
:10311000FFF79AFF044630B384F846602460C4E9A0
:103120000F7601F0B5FFD4E90F132268A26001FB0E
:1031300003F1CB1A134400200A44FF21A063E3608B
:1031400084F84410626084F8451004F1100003F024
:10315000E5FA04F1240003F0E1FA01F0A3FF84F89A
:103160004C502046F8BD00242046F8BD2DE9F04F14
:10317000044685B01D460192884601F089FFA26B86
:10318000E36BA84F4FF000099A424E46C0F08B8087
:10319000022D00F006810198002800F03081B9F17D
:1031A000000F00F0958001F07DFF01F021F901F0A2
:1031B0006FFF94F84430FF2B08BF84F8446094F804
:1031C0004530FF2B08BF84F8456001F06BFF01A973
:1031D00002A801F03BFC002840F0188101F058FFE4
:1031E000A26BE36B9A4277D001F05CFF01F050FFD5
:1031F00094F845304FFA83FABAF1000F1ADD636A8A
:10320000C3B104F1240907E00AF1FF33DBB24FFA3E
:1032100083FA7BB1636A6BB1484601F0BDFB0028BD
:10322000F2D001F04BFC0AF1FF33DBB24FFA83FA24
:10323000002BEFD1FF2384F8453001F033FF01F07C
:1032400027FF94F844304FFA83FABAF1000F1ADDE1
:103250002369C3B104F1100907E00AF1FF33DBB2BF
:103260004FFA83FA7BB123696BB1484601F094FBB6
:103270000028F2D001F022FC0AF1FF33DBB24FFA52
:1032800083FA002BEFD1FF2384F8443001F00AFFCA
:1032900001F054F901F0FCFEA26BE36B9A424FF08F
:1032A0000109BFF475AF226CA66B002A40F0FC80C8
:1032B00025680136002D00F01881A663636A002B93
:1032C00040F08C8001F0EEFE012005B0BDE8F08FEB
:1032D00002A801F0AFFB66E704F1100901F0E2FE7D
:1032E0004846019901F0DCFA01F0D2FE94F845A0BD
:1032F0004FFA8AFABAF1000F1CDD636AD3B104F108
:10330000240B08E00AF1FF3A5FFA8AF34FFA83FAD6
:1033100083B1636A73B1584601F03EFB0028F1D0D7
:103320000AF1FF3A01F0CAFB5FFA8AF34FFA83FA17
:10333000002BEED1FF2384F8453001F0B3FE01F0FD
:10334000A7FE94F844304FFA83FABAF1000F06DC76
:1033500015E00AF1FF33DBB24FFA83FA7BB1236940
:103360006BB1484601F018FB0028F2D001F0A6FB33
:103370000AF1FF33DBB24FFA83FA002BEFD1FF23C0
:1033800084F8443001F08EFE01F0D8F8002881D195
:103390004FF080537B6040BFBFF34F8FBFF36F8F01
:1033A00078E7226CA66B002A82D04146E06804F0E0
:1033B000BFFA236CE26821685B421A448A42E260E9
:1033C00080F0898062681344E360022D00F08380FE
:1033D0000136A663636A002B3FF474AF04F1240046
:1033E00001F0DAFA00283FF46DAF0E4B4FF0805237
:1033F0005A6040BFBFF34F8FBFF36F8F62E70090FB
:1034000001F050FE009805B0BDE8F08F01F040FEDD
:1034100094F845506DB2002D18DD636AB3B104F124
:10342000240607E000ED00E0013DEBB25DB26BB1B8
:10343000636A5BB1304601F0AFFA0028F4D0013D79
:1034400001F03CFBEBB25DB2002BF1D1FF2384F81D
:10345000453001F027FE01F01BFE94F844506DB298
:10346000002D16DD2369A3B104F1100605E0013D2E
:10347000EBB25DB26BB123695BB1304601F08CFAFF
:103480000028F4D0013D01F019FBEBB25DB2002B36
:10349000F1D1FF2384F8443001F004FE01F04EF82E
:1034A000002005B0BDE8F08F41465DBBA06804F088
:1034B0003FFAA368216C62680B44934206F101064F
:1034C000A360FFF4FAAEA663636A2268A260002BD1
:1034D0003FF4F8AE82E7002E7FF4EFAE0123A36342
:1034E000636A002B3FF4EEAE78E7606801F058FBAA
:1034F000A663636A6560002B7FF470AF00287FF4D9
:1035000074AFDFE6E06804F013FA236CE268216828
:103510005B421A448A42E260BFF457AF52E700BFF1
:10352000F8B50C4679B300250123216081F84630B7
:10353000C1E90F35064601F0ABFDD4E90F32216831
:10354000A56303FB02F39A1A0A440B44FF27C4E95C
:103550000131E26084F8447004F1100084F8457091
:1035600003F0DCF804F1240003F0D8F801F09AFD30
:10357000C4E90055E56084F84C602B462A4629468C
:103580002046FFF7F3FD2046F8BD00BF2DE9F041CE
:103590008C4682B004461746EFF31186402282F330
:1035A0001188806BE26B904221D3022B05D0002062
:1035B00086F3118802B0BDE8F08194F84550226C82
:1035C000D4F838806DB252BB236808F10108002B93
:1035D0004FD06B1CC4F8388037D001356DB284F8F9
:1035E0004550012086F3118802B0BDE8F08194F8BF
:1035F0004550226CD4F838806DB2002AE4D073B9FB
:10360000A06804F095F9A368216C62680B449342AA
:1036100008F10108A360DCD32368A360D9E7614601
:10362000E068019304F084F9206CE2682168019B52
:10363000404202448A42E26002D262681044E06082
:10364000022B10D008F10108C3E7636A002BC8D031
:1036500004F1240001F0A0F90028C2D0002FC0D04E
:1036600001203860A4E7B8F1000F08BF4FF001084F
:10367000AFE76068019301F093FA019B6360A8E7EC
:103680002DE9F047044684B08846019201F000FD20
:10369000D4F83890B9F1000F40F09380019B002BD3
:1036A00000F00A8102A801F0C5F9B34F4E4604F1BB
:1036B000240501F0F7FC00F09BFE01F0E9FC94F812
:1036C0004430FF2B08BF84F8446094F84530FF2B4A
:1036D00008BF84F8456001F0E5FC01A902A801F0EB
:1036E000B5F9002840F0878001F0D2FCA36B002BD5
:1036F00040F0E88001F0D6FC0199284601F0D0F8AE
:1037000001F0C6FC94F845304FFA83F9B9F1000F87
:1037100006DC15E009F1FF33DBB24FFA83F97BB128
:10372000636A6BB1284601F037F90028F2D001F046
:10373000C5F909F1FF33DBB24FFA83F9002BEFD162
:10374000FF2384F8453001F0ADFC01F0A1FC94F8B2
:1037500044304FFA83FABAF1000F1ADD2369C3B17E
:1037600004F1100907E00AF1FF33DBB24FFA83FAE4
:103770007BB123696BB1484601F00EF90028F2D005
:1037800001F09CF90AF1FF33DBB24FFA83FA002B08
:10379000EFD1FF2384F8443001F084FC00F0CEFE2A
:1037A00000287ED14FF080537B6040BFBFF34F8F26
:1037B000BFF36F8F01F06CFCD4F83890B9F1000FB3
:1037C00076D0226C52B1E168636811449942E1609D
:1037D00024BF2168E160404604F0AAF809F1FF33F4
:1037E000A3632369002B40F0C98001F05BFC01203A
:1037F00004B0BDE8F08701F04BFC94F845304FFA77
:1038000083F9B9F1000F06DC15E009F1FF33DBB2F3
:103810004FFA83F97BB1636A6BB1284601F0BCF8BB
:103820000028F2D001F04AF909F1FF33DBB24FFA78
:1038300083F9002BEFD1FF2384F8453001F032FCEF
:1038400001F026FC94F844304FFA83FABAF1000FE5
:103850001ADD2369C3B104F1100907E00AF1FF334F
:10386000DBB24FFA83FA7BB123696BB1484601F0B2
:1038700093F80028F2D001F021F90AF1FF33DBB20E
:103880004FFA83FA002BEFD1FF2384F8443001F084
:1038900009FC00F053FE01F0FBFBA36B63B101F0E8
:1038A00001FC01F0F5FBD4F83890B9F1000F88D194
:1038B000019B002B7FF4FDAE01F0F4FB002004B06F
:1038C000BDE8F08701F0EEFB01F0E2FB94F8453033
:1038D0004FFA83F9B9F1000F06DC15E009F1FF3367
:1038E000DBB24FFA83F97BB1636A6BB1284601F012
:1038F00053F80028F2D001F0E1F809F1FF33DBB210
:103900004FFA83F9002BEFD1FF2384F8453001F003
:10391000C9FB01F0BDFB94F844304FFA83FABAF1C9
:10392000000F1ADD2369C3B104F1100907E00AF1A1
:10393000FF33DBB24FFA83FA7BB123696BB14846A0
:1039400001F02AF80028F2D001F0B8F80AF1FF33AC
:10395000DBB24FFA83FA002BEFD1FF2384F8443017
:1039600001F0A0FB00F0EAFD01F092FBD4F83890E2
:10397000B9F1000F9CD024E700ED00E004F1100045
:1039800001F00AF800283FF430AF054B4FF08052A9
:103990005A6040BFBFF34F8FBFF36F8F25E700BF63
:1039A00000ED00E02DE9F043044685B000260191CA
:1039B00001F06EFBA36BB24FB0463546002B40F0D2
:1039C000F380019B002B00F05D81B8F1000F00F047
:1039D000FC8001F067FB00F00BFD01F059FB94F84F
:1039E0004430FF2B08BF84F8445094F84530FF2B37
:1039F00008BF84F8455001F055FB01A902A801F069
:103A000025F800286CD101F043FBA36B002B40F09C
:103A1000E08001F047FB2368002B00F03C8104F1BB
:103A200024094846019900F03BFF01F031FB94F86E
:103A300045304FFA83F8B8F1000F06DC15E008F1C5
:103A4000FF33DBB24FFA83F87BB1636A6BB1484650
:103A500000F0A2FF0028F2D001F030F808F1FF33A7
:103A6000DBB24FFA83F8002BEFD1FF2384F8453007
:103A700001F018FB01F00CFB94F844304FFA83F886
:103A8000B8F1000F1ADD2369C3B104F1100907E092
:103A900008F1FF33DBB24FFA83F87BB123696BB1D6
:103AA000484600F079FF0028F2D001F007F808F14D
:103AB000FF33DBB24FFA83F8002BEFD1FF2384F8FA
:103AC000443001F0EFFA00F039FD002864D14FF0E6
:103AD00080537B6040BFBFF34F8FBFF36F8F5BE0BE
:103AE00001F0D6FA94F845304FFA83F8B8F1000F98
:103AF0001ADD636AC3B104F1240907E008F1FF335A
:103B0000DBB24FFA83F87BB1636A6BB1484600F0D1
:103B100043FF0028F2D000F0D1FF08F1FF33DBB201
:103B20004FFA83F8002BEFD1FF2384F8453001F0E2
:103B3000B9FA01F0ADFA94F844304FFA83F8B8F1CD
:103B4000000F1ADD2369C3B104F1100907E008F181
:103B5000FF33DBB24FFA83F87BB123696BB1484680
:103B600000F01AFF0028F2D000F0A8FF08F1FF33A0
:103B7000DBB24FFA83F8002BEFD1FF2384F84430F7
:103B800001F090FA00F0DAFC01F082FAA36B002B4E
:103B900000F08A8001F086FA01F07AFAA36B4FF008
:103BA0000108002B3FF40DAF2268013BA363002AFC
:103BB00000F09E802369002B40F0898001F072FAAA
:103BC0000126304605B0BDE8F08302A800F032FFC0
:103BD000FFE601F067FA01F05BFA94F845304FFA1E
:103BE00083F8B8F1000F1ADD636AC3B104F1240948
:103BF00007E008F1FF33DBB24FFA83F87BB1636A69
:103C00006BB1484600F0C8FE0028F2D000F056FF25
:103C100008F1FF33DBB24FFA83F8002BEFD1FF231B
:103C200084F8453001F03EFA01F032FA94F844305D
:103C30004FFA83F8B8F1000F1ADD2369C3B104F11C
:103C4000100907E008F1FF33DBB24FFA83F87BB1CC
:103C500023696BB1484600F09FFE0028F2D000F0C7
:103C60002DFF08F1FF33DBB24FFA83F8002BEFD1C1
:103C7000FF2384F8443001F015FA00F05FFC8BE775
:103C800000ED00E0009301F00DFA009B1E46304667
:103C900005B0BDE8F08301F0FBF9606800F03EFF7D
:103CA000064601F0FFF9BAE601F0FCF9002E88D0D3
:103CB00001F0EEF9616A19B1236B1968C1F10501D0
:103CC000606800F099FF002601F0ECF979E704F153
:103CD000100000F061FE00283FF470AF064B4FF07B
:103CE00080525A6040BFBFF34F8FBFF36F8F65E7BD
:103CF00000F0B8FF60605DE700ED00E010B504463D
:103D000001F0C6F9A46B01F0CDF9204610BD00BF4B
:103D1000104B5A68904208D0DA68904208BF0122DE
:103D200004D090F8463093B170470022002110B4BF
:103D300003EBC20443F8321090F84630616013B1CF
:103D40005DF8044B70475DF8044BFFF78FB9FFF740
:103D50008DB900BF0C850020074B1A681AB19A680C
:103D600002B17047012210B403EBC20443F83210D1
:103D700060605DF8044B70470C85002070B5054607
:103D80000C46164601F084F995F84430FF2B04BF29
:103D9000002385F8443095F84530FF2B04BF0023FD
:103DA00085F8453001F07EF9AB6B2BB932462146E0
:103DB00005F1240000F0B0FD01F06AF995F84540E6
:103DC00064B2002C16DD6B6AA3B105F1240605E090
:103DD000013CE3B25CB26BB16B6A5BB1304600F0A0
:103DE000DBFD0028F4D0013C00F068FEE3B25CB2D9
:103DF000002BF1D1FF2385F8453001F053F901F094
:103E000047F995F8444064B2002C16DD2B69A3B144
:103E100005F1100605E0013CE3B25CB26BB12B6921
:103E20005BB1304600F0B8FD0028F4D0013C00F052
:103E300045FEE3B25CB2002BF1D1FF2385F844309C
:103E4000BDE8704001F02EB92DE9F041044601F0C3
:103E50001FF9344A344D1368013313602B68002B6B
:103E60002FD0324EE36A32682AB3314831490768AD
:103E70000A689F4238BF03602F48013203EB830377
:103E80000A6000EB8300E263211D02F057FC01F0A1
:103E900009F933686BB12A68E36AD26A9A4208D298
:103EA000264B4FF080525A6040BFBFF34F8FBFF395
:103EB0006F8FBDE8F0812A68D26A9A4298BF2C6061
:103EC000D3E72C601368012B02D0E36A174ECCE7CE
:103ED0001948DFF894801A4F144E02F01FFC19485D
:103EE00002F01CFC184802F019FC184802F016FCFD
:103EF000174802F013FC404602F010FC384602F06E
:103F00000DFC144802F00AFC134802F007FC1348A9
:103F100002F004FC124B134AC2F800801F60E36AEF
:103F2000A3E700BFDC7A00206C7A00203C7B0020F5
:103F3000F07A0020EC7A0020787A002000ED00E092
:103F4000087B00208C7A0020A07A0020B47A002020
:103F5000C87A0020287B0020547B0020407B002072
:103F6000747A0020707A0020F47A00202DE9F8435A
:103F7000DDE90964002C60D016B93046BDE8F8834D
:103F80000D469700984602233A4684F85130814600
:103F900026633046A52103F0EFFC2A78236B84F8D2
:103FA0003420043F2A781F4427F0070702B36B78B8
:103FB00084F835306B78DBB1AB7884F83630AB7889
:103FC000B3B1EB7884F83730EB788BB12B7984F888
:103FD00038302B7963B16B7984F839306B793BB128
:103FE000AB7984F83A30AB7913B1EB7984F83B3094
:103FF000089D042D28BF04250026E5626564201D68
:1040000084F83B60A66402F095FBC5F1050504F158
:10401000180002F08FFBE66442464946A561246120
:1040200084F850606462384600F0F6FF2060204655
:10403000FFF70AFF2046BDE8F8832046BDE8F88375
:104040002DE9F0479600804630460D469946099F77
:10405000FEF7FAFF002869D082465420FEF7F4FFED
:10406000044600285BD00023C0F830A032465046FA
:1040700084F85130A52103F07FFC2A78236B84F863
:104080003420043E2A781E4426F0070A02B36B78D7
:1040900084F835306B78DBB1AB7884F83630AB78A8
:1040A000B3B1EB7884F83730EB788BB12B7984F8A7
:1040B00038302B7963B16B7984F839306B793BB147
:1040C000AB7984F83A30AB7913B1EB7984F83B30B3
:1040D000089D042D28BF04250026E5626564201D87
:1040E00084F83B60A66402F025FBC5F1050504F1E8
:1040F000180002F01FFBE664A561246184F850609B
:1041000064624A464146504600F086FF206007B18F
:104110003C602046FFF798FE0120BDE8F08750463E
:10412000FEF7A4FF4FF0FF30BDE8F0874FF0FF30FF
:10413000F3E700BF70B504464C4E00F0A9FF002C19
:1041400039D0251D284602F023FBA36A1BB104F1D8
:10415000180002F01DFB29464548464D02F0EEFAD4
:1041600094F85030012B04BF002384F8503000F045
:1041700099FF2B6893B93368A34200D070BD2B68B8
:10418000DBB93B493C4A09681268914226D03B4B57
:104190001B682BB33A4B01221A6070BD00F078FF08
:1041A000384B1A68126892B9374B4FF0FF321A60D9
:1041B00000F078FFDFE73468C3E7344B4FF08052FC
:1041C0005A6040BFBFF34F8FBFF36F8F70BD1A6847
:1041D0002D4BD268D26852681A60E9E7336070BD2F
:1041E000274A13603268336812681B6B9A4236D9CB
:1041F000274C284922689300981880000858E0B995
:10420000551EAB0058198000085830BB951EAB00F6
:1042100058198000085800BBD51EAB005819800003
:104220000858D0B9151FAB00581980000858A0B91C
:10423000053A930098188000085813449B00CD1845
:1042400008336868406868600B44984204BF40685F
:104250006860C3683360226070BD2A46EDE730684D
:104260003168343101F04CFEC2E700BF6C7A0020A7
:10427000407B00203C7B0020DC7A0020E87A002094
:104280006C7B0020707A0020207B002000ED00E095
:10429000F07A0020787A002080B170B51B4D2B6831
:1042A00083420AD0044600F0F3FE194B62699A4239
:1042B00005D0BDE8704000F0F5BE70BD7047A36A40
:1042C000144A9342F5D0002BF3D1261D304602F05C
:1042D0005FFA114AE36A116810488B4288BF136085
:1042E00003EB830300EB8300314602F027FA2B68CF
:1042F000E26ADB6A9A42DCD3094B4FF080525A6083
:1043000040BFBFF34F8FBFF36F8FD2E76C7A0020AF
:10431000407B0020287B0020F07A0020787A002063
:1043200000ED00E070B584B0002503AA02A901A841
:10433000CDE9015501F0E8FD019C002C46D0029822
:10434000002843D0039E20630223B600A5213246F5
:1043500084F8513003F010FB236B1F4A6263201D69
:1043600084F83850043E84F83B50E562C4E91155A6
:104370001E4402F0DFF904F1180002F0DBF926F028
:1043800007060523A3612A461449E56430462461E3
:10439000646284F8505000F03FFE20602046FFF732
:1043A00053FD0F4B1C6000F0DBFD012811D14023B1
:1043B00083F311880B490C4A0C4B4FF0FF340C600F
:1043C00010601D6000F03EFE04B070BD044B002282
:1043D0001A6004B070BD00BF49444C45CD4603008F
:1043E0001C7B0020207B00203C7B0020687B002081
:1043F000024A136801331360704700BFE87A002057
:10440000014B1868704700BF687B0020024A1368A0
:1044100018441060704700BF687B00202DE9F04F02
:104420003B4B1B6883B0002B42D13A4B1F680137CE
:104430001F60002F4AD0384B01931B68BB423BD80A
:10444000364EDFF8EC80DFF8ECA0DFF8EC900025CA
:1044500025E03368DB68DC68636804F1040B9F4285
:10446000584651D302F094F9A36A04F118000BB135
:1044700002F08EF9E36AD8F8002003EB8300934240
:1044800059460AEB800088BFC8F8003002F056F9A0
:10449000D9F80030E26ADB6A9A4228BF0125336806
:1044A0001B68002BD5D1019A4FF0FF33136004E055
:1044B0001B4A13680133136000251A4B1B68002B3D
:1044C0000CBF2846012003B0BDE8F08F134E164BF9
:1044D0003168164A18683060196013680133136038
:1044E00033681B683BB90C4B01931A464FF0FF33FE
:1044F00013601346A1E73368074ADB680192DB6863
:104500005B681360134698E7019A1360D5E700BF14
:10451000E87A0020687B0020207B0020707A002051
:10452000E47A00206C7B0020747A0020247B002039
:10453000F07A0020787A00206C7A00202DE9F0478C
:1045400000F0A6FD354B1A68013A1A601C68002C71
:1045500057D1334B1B68002B53D0DFF8E0A0314E0E
:10456000314FDFF8DC90DFF8DC80336813B3F36899
:10457000DC68251D04F1180002F00AF9284602F053
:1045800007F9E36A3A6803EB83009342294609EB93
:10459000800088BF3B6002F0D1F8D8F80030E26AB2
:1045A000DB6A9A424FF00103DFD3CAF80030336868
:1045B000002BDCD13CB11D4B1A6812683ABB1C4B76
:1045C0004FF0FF321A601B4D2C6844B10126FFF7F3
:1045D00025FF08B1CAF80060013CF8D12C60DAF878
:1045E000003073B1144B4FF080525A6040BFBFF39C
:1045F0004F8FBFF36F8F012400F054FD2046BDE8BC
:10460000F087002400F04EFD2046BDE8F0871A68D0
:10461000074BD268D26852681A60D4E7E87A002063
:10462000DC7A0020287B0020F07A0020707A0020BD
:10463000207B0020E47A002000ED00E06C7B00206D
:10464000787A00206C7A002070B548B9184B4FF08A
:1046500080525A6040BFBFF34F8FBFF36F8F70BD62
:10466000144A15491368154E013313600D6804464A
:104670003068043002F08CF8336864195C600FD243
:104680000F4B18683168043102F068F80D4B1A6856
:10469000944238BF1C60FFF751FF0028D6D070BD90
:1046A000094B18683168043102F058F8F3E700BF8D
:1046B00000ED00E0E87A0020687B00206C7A0020A2
:1046C000707A0020207B0020747A00202DE9F84FBA
:1046D0003C4E3D4D3D4CDFF80891DFF80881DFF896
:1046E00008B14FF0805A2368D3B100F0D1FCF368D1
:1046F000DF68381D02F04CF82B68013B2B60236803
:10470000013B236000F0CEFC97F85130002B37D0EE
:10471000012BE8D13846FEF7A9FC2368002BE4D131
:104720002B4B1B68012B06D9CBF804A040BFBFF36D
:104730004F8FBFF36F8F00F041FED9F8003033BBCD
:10474000D8F80030DB6A002BCDD1214B1B68012B40
:10475000C9D8204B204A1B6812689B1A012BC2D96A
:104760001E4A136801331360D9F80030BBB1D8F882
:104770000030DB6A0BB9164B1B68FFF7DFFEB2E7B0
:10478000386BFEF773FC3846FEF770FCABE7D8F8E1
:104790000030DB6A002BA6D10D4B1B68A3E7D8F8CD
:1047A0000030DB6A002BE8D1094B1B68012BE4D8F1
:1047B000084B1868084B1B68C01A0128DDD900F0A7
:1047C000DDFCDAE7547B0020DC7A0020E07A002070
:1047D000787A0020207B0020687B0020E87A002087
:1047E000F07A00206C7A002000ED00E0274B1B6877
:1047F000002B40D1264A70B5264C136022682368EE
:1048000012681B6B9A423AD9234D24492A689300B7
:10481000981880000858E0B9561EB3009819800017
:10482000085830BB961EB30098198000085800BB8A
:10483000D61EB300981980000858D0B9161FB300CF
:10484000981980000858A0B9053A9300981880007C
:10485000085813449B00CE18083370684068706095
:104860000B44984204BF40687060C36823602A60AC
:1048700070BD3246EDE7064B01221A607047206892
:104880002168343101F03CFBBEE700BFE87A00202C
:104890006C7B00206C7A0020F07A0020787A00206F
:1048A00070B5174D2B680C4603F1180101F056FF47
:1048B000144B1E682868043001F06AFF631C17D08F
:1048C0002B68A4195C600BD20F4B1868296804315F
:1048D00001F044FF0D4B1A68944238BF1C6070BD54
:1048E0000B4B18682968BDE87040043101F036BFF1
:1048F000296808480431BDE8704001F01FBF00BFBF
:104900006C7A0020687B0020707A0020207B0020D9
:10491000747A0020407B002070B5194D2B680C463E
:10492000164603F1180101F009FF164B5EB11B6832
:104930002868043001F02CFF296813480431BDE8D1
:10494000704001F0FBBE1E682868043001F020FFB3
:104950002B68A4195C600BD20C4B186829680431D1
:1049600001F0FCFE0A4B1A68944238BF1C6070BD0F
:10497000084B18682968BDE87040043101F0EEBEAC
:104980006C7A0020687B0020407B0020707A002039
:10499000207B0020747A002038B5C368DC6804F1FD
:1049A0001805284601F0F4FE1A4B1B682BBB251D89
:1049B000284601F0EDFE184AE36A116817488B4259
:1049C00088BF136003EB8303294600EB830001F0EB
:1049D000B5FE134BE26A1B68DB6A9A4282BF114B39
:1049E00001201860104B1A68126898BF00204AB95D
:1049F0000E4B4FF0FF321A6038BD29460C4801F0CB
:104A00009DFEE6E71A68094BD268D26852681A60C0
:104A100038BD00BFE87A0020F07A0020787A0020C4
:104A20006C7A00206C7B0020707A0020207B0020B4
:104A3000287B0020034A044B12681B68C0E900234E
:104A4000704700BF247B0020687B0020F8B50D462E
:104A5000044600F01DFB2B681649581C0A6813D049
:104A6000DFF854C0D4E90060DCF80070BE4201D029
:104A700090421AD9121A93420BD800232B600125B9
:104A800000F010FB2846F8BD002500F00BFB28467F
:104A9000F8BDDCF800009B1A0A682B60C4E900022C
:104AA000002500F0FFFA2846F8BD012500F0FAFACB
:104AB0002846F8BD687B0020247B0020014B0122A2
:104AC0001A6070476C7B0020084B186860B9084B6F
:104AD0001B6853B9074A084B10681B68013B984292
:104AE00014BF01200220704700207047287B00205F
:104AF0006C7B0020407B0020DC7A0020054B1B688B
:104B000033B1054B1B68002B0CBF022000207047FF
:104B1000012070473C7B0020E87A002018B3F8B5EC
:104B20001C4CC36A2268D26A934214D28269002A5A
:104B300004DB2268D26AC2F105028261164D426925
:104B400003EB830305EB83039A420DD02368DB6AF2
:104B5000C3620120F8BD2368406CDB6A98422CBF19
:104B600000200120F8BD7047061D0746304601F0C1
:104B70000FFE2268094BD06A1A68F862904200D989
:104B8000186000EB800005EB8000314601F0D6FD97
:104B90000120F8BD6C7A0020787A0020F07A00209D
:104BA00050B138B5C16A836C426C013B9142836459
:104BB00000D01BB1002038BD00207047051D044601
:104BC000284601F0E5FD0A4A636C1168E362C3F10F
:104BD00005008B42A061074888BF136003EB830385
:104BE00000EB8300294601F0A9FD012038BD00BF7C
:104BF000F07A0020787A002048B1426CC36A914272
:104C000038BF11468B4202D0826C012A00D0704717
:104C1000826970B5114DC162002A03EB83034269BA
:104C2000A8BFC1F1050105EB8303A8BF81619A42CA
:104C300000D070BD061D0446304601F0A9FD084BAA
:104C4000E06A1A68904288BF186000EB800005EBAC
:104C500080003146BDE8704001F070BD787A0020D8
:104C6000F07A0020044B1A681AB119688A6C013274
:104C70008A641868704700BF6C7A00202DE9F04FF5
:104C8000AD4EDFF8C482AD4D89B033681C68002C8E
:104C900000F08E80DB681C68FFF7AAFBFFF7B0FB13
:104CA000D8F80030984207465DD38442C8F8000027
:104CB00040F20B810022E11B2868FFF75FF8FFF745
:104CC0003DFC88B99E4A4FF08053536040BFBFF30C
:104CD0004F8FBFF36F8F07E0019B039920469847E2
:104CE000009B002B80F23881286800226946FEF77D
:104CF000C7FC0028C9D0009B029C002BECDB636939
:104D000013B1201D01F044FDFFF77AFBD8F8003005
:104D10009842814643D3009BC8F80090092BE3D802
:104D2000012202FA03F313F4047F69D113F0C70FD1
:104D300040F0A1809B06D7D594F82C30002BD3D11E
:104D40002046FEF793F9CFE7DB68DC68D3F800A0D4
:104D500004F10409484601F01BFD636A20469847A8
:104D6000E369012B36D033681A68002AECD1754903
:104D7000C8F800700A6832600B60FFF7DFFBB3E72A
:104D8000DB68DF68D3F800B007F1040A504601F091
:104D9000FFFC7B6A38469847FB69012B25D03368B6
:104DA0001A68002AECD167490A6832600B60B2E7E2
:104DB000FFF71EFBFFF724FBD8F8003083420746BD
:104DC000D1D8604BC8F800701B681A68B2FA82F23A
:104DD000520970E7A36953449A45494622D2636059
:104DE0002461306801F0BAFCBDE7BB695B449B45B8
:104DF000514627D27B603F61306801F0AFFCCEE7BF
:104E0000019B246103EB09024A45A36162602CD82F
:104E1000002B3FF469AF4B4B211D186801F09EFC3D
:104E2000286862E72B68002B9DD00023CDE9043A67
:104E30000694FFF763FE00231A4604A92868FEF7CC
:104E400095F990E72B68002BA9D00023CDE9043B0E
:104E50000697FFF753FE00231A4604A92868FEF7B9
:104E600085F99CE74B4500D998B13068211D01F0C8
:104E700075FC286839E7019BA269246199182CBF49
:104E80000120002049456160ECD8A9EB03039A4258
:104E9000C1D8636A20469847E369012B7FF424AFA9
:104EA000019BA2692868134400283FF41EAF00222A
:104EB000CDE904230694FFF721FE00231A4604A936
:104EC0002868FEF753F928680FE7FFF737FB3368C8
:104ED000DB68D3F80C9009F1040A504601F058FC45
:104EE000D9F81C30012B04D0D9F824304846984713
:104EF000FAE6D9F81830C9F81090E218BA42C9F8A1
:104F0000042004D95146306801F028FCECE73F1B2F
:104F1000BB421BD82B68002BE6D00023CDE904341C
:104F2000CDF81890FFF7EAFD00231A4604A9286877
:104F3000FEF71CF9D8E700BF707B0020F47D00204D
:104F400000ED00E0747B0020A07D0020034B514663
:104F5000186801F003FCC7E7029CD0E6747B0020D0
:104F6000F0B5204C89B000F093F82568FDB100F051
:104F700099F82068C8B1002407AA06A905A8CDE9B8
:104F8000054400F0CFFFDDE905300221CDE9001036
:104F9000079A0293144915482346FEF7E7FF144A7F
:104FA0000346001B18BF0120136009B0F0BD114F6C
:104FB000114E384601F0B2FB304601F0AFFB0F4A0C
:104FC0000F4900950F4B17600E600F4A10212020EB
:104FD000FEF75AF820600028C9D00C49FEF7BCFE45
:104FE000C5E700BFF47D00208C9B03007D4C0300CF
:104FF000F87D0020787D00208C7D0020707B0020D3
:10500000747B0020A47D0020787B0020849B03001B
:10501000402383F31188FEE730B46FF002034FF0B2
:105020008075074C40F8045C40F80C4C40F8081CB4
:1050300040F8202C40F8243C30BC4438704700BF76
:10504000115003000F4C08B5E02384F8223000F023
:1050500077F80D4B0D4A00211960D4F8883043F4DD
:105060007003C4F88830536843F0404353602369A9
:1050700043F01003236100F04FF9402383F31188BC
:10508000FEE700BF00ED00E0FC7D002030EF00E017
:10509000402383F31188024A136801331360704779
:1050A000FC7D0020034A1368013B13600BB983F3B6
:1050B00011887047FC7D002041DF704712DF704788
:1050C00070B51B4B00251D6082B01B680193019BCE
:1050D000EFF31186402383F31188164A164BD2F85A
:1050E00004451D601B680093009BFFF789F9241A93
:1050F00024F07F44012C0DD844B1FFF78FF9054609
:1051000025B10E4B4FF080525A6040BF86F3118894
:1051100002B070BDFFF7F2FC0228EED1013CFFF7B0
:105120007DF9013C631C45EA0005F8D1E8E700BFC2
:1051300040110140001001400011014000ED00E06D
:105140000B4B0C4930B41F200B4DC3F8080501224E
:105150000224E020C3F804232A601A60C3F8444301
:1051600081F811034FF400330B6030BC704700BF6F
:105170000010014000E100E0081001402DE9F0417D
:10518000804684B0EFF3108272B6584CA36883B99E
:10519000574B58480121A160D3F88010014021608D
:1051A000C3F88000D3F8841061604FF0FF31C3F87A
:1051B000841002B962B6504ED6F80475FFF784FC2D
:1051C00000283DD04D4A4E49424528BF4246BB18B3
:1051D00023F07F4301200025C6F80803C6F84035B8
:1051E0000D600B6801934FF480330199C6F80433C6
:1051F000BFF34F8FB8F1000F54D13F4B404D4149A1
:105200004FF48030C3F80803002028602D68039510
:10521000039D08600968029101210298C3F80413F4
:10522000D3F804353249DB1B23F07F45954228BF74
:1052300015464FF40033012DC1F8803111D827D025
:10524000A3685BB1EFF3108372B6294A216811603D
:10525000616851600022A26003B962B604B0BDE883
:10526000F081681EFFF7D2F8274BDB68DA010FD513
:10527000264A1368DB070BD5254B516803FB05F560
:10528000A5F57425A5F51075AD0A01EB85155560DA
:10529000FFF7C4F80028D3D01E4B4FF080525A605D
:1052A00040BFCDE7F1EE103A23F09F03E1EE103A54
:1052B000F1EE103A0E4B04A84FF480614026C3F87B
:1052C0008461C3F8841100F8045DFFF7F7FE9DF8D0
:1052D0000C1039B920BFD3F80001D3F804110143F1
:1052E000F8D08AE7FFF7E8FE87E700BF20850020B7
:1052F00000E100E0FC06FFBD00100140FDFFFF00E3
:105300004011014000110140F0ED00E0001000E00C
:1053100040420F0000ED00E00748006880F3088875
:1053200062B661B6BFF34F8FBFF36F8F4FF0E000EF
:1053300080F3118800DF00BF00600200064B19688F
:105340000868B0E8F04F80F30988BFF36F8F4FF023
:10535000000080F3118870476C7A0020EFF3098019
:10536000BFF36F8F144B1A681EF0100F08BF20EDAB
:10537000108A20E9F04F10604DF8043D4FF04000D6
:1053800080F31188BFF34F8FBFF36F8FFFF72EFAB3
:105390004FF0000080F3118808BC19680868B0E875
:1053A000F04F1EF0100F08BFB0EC108A80F3098890
:1053B000BFF36F8F704700BF6C7A0020704700BF4B
:1053C0000A490B4A0B4B9B1A03DD043BC858D050CB
:1053D000FBDC094809494FF0AD3202600430043962
:1053E000FBD100F041FCF0F733FF0000489E0300C2
:1053F000006000202C63002000F80320000800005B
:10540000FEE7FEE7FEE7FEE7FEE7FEE7FEE7FEE774
:10541000FEE7FEE708B50020F0F754FFF7F7D2FBF0
:105420000E4B43B10E4B7BB1F7F734FC00F058FD47
:10543000AFF30080F8E7F7F72DFC00F051FDF7F728
:1054400029FC00F04DFDF6E7F7F724FC00F048FDDD
:10545000F7F720FC00F044FDF6E700BF0000000075
:105460000000000000B583B000F0A6FEFDF720F9B3
:105470000E4B019301234FF480620D4900930D48B8
:105480000023FEF7DDFD4FF4407000F049FEFEF70B
:1054900049FFBFF34F8F0849084BCA6802F4E06226
:1054A0001343CB60BFF34F8F00BFFDE7007E0020AA
:1054B000949B03001554030000ED00E00400FA057E
:1054C000FDF792BDFDF790BDFDF7A8BD084A09495B
:1054D00008B513681844884202D81060184608BD01
:1054E00002F0C6F90C2303604FF0FF33184608BDE5
:1054F0001861002000F80320114B1A78EAB90178EE
:10550000104810B40A464FF0804402F00102C1F383
:105510004001C4F88015C4F878250268D20706D483
:10552000E021012280F80013C0F8802102600122EE
:1055300005481A705DF8044B70470448704700BF77
:105540001C85002000E100E00000AD0B0C00AD0B5D
:105550000268074B4FF0804010B400214FF4607494
:10556000C0F80843196002B11A605DF8044B704737
:105570000C7E00204FF080434FF46072C3F8042388
:10558000704700BF10B54FF0804386B0D3F8044396
:10559000620705D5D3F8082103F58473002A4ED19C
:1055A000A30603D52A4B1A68002A3FD1600603D50B
:1055B000284B1A68002A2FD1210602D5264B1A68DB
:1055C0000ABBE20502D5254B1A6892B9A3050ED590
:1055D000234B1A685AB100221A601A68214B0592AF
:1055E000059A1B68022006B0BDE81040184706B0B7
:1055F00010BD00221A601B4A1B6804930120136827
:10560000049A9847E2E700201860164A1B68039343
:105610001368039A9847D4E700221A60124A1B685D
:10562000029301201368029A9847C5E7002018608A
:105630000D4A1B6801931368019A9847B6E7002248
:105640001A600A4A1B6800931368009A9847A7E7F4
:1056500014010040180100401C01004020010040DE
:10566000240100400C7E0020087E0020047E0020E3
:105670002DE9F04F04799D4DE6003719BF0005EB89
:10568000070E83B09EF81CC0BCF1000F40F0E5800F
:1056900091F80CC00068EA51CEF80430BCF1010F5B
:1056A0000B7840F2DE801F2B87BF03F01F08DFF866
:1056B00040E298464FF0A04E012707FA08F7CEF8CF
:1056C00008751F2B8BBF03F01F071F46DFF820E272
:1056D0004FF0A04E07F5E0774FF001084EF8278015
:1056E0004F78FF2F00F0E9801F2F8ABF07F01F09B6
:1056F000B946DFF8FC81009798BF4FF0A04809F544
:10570000E07A4FF0010E0EFA09FE4FF00309C8F8D7
:105710000CE548F82A9091F802E0BEF1FF0F00F086
:10572000D580BEF11F0F91F80EA088BFDFF8C0B181
:10573000CDF804E08EBF0EF01F08F0464FF0A04BEE
:1057400008F5E0784FEA8A0A4BF828A006EB04082F
:1057500005EB880888F820E091F803E088F81FE05E
:10576000BEF1FF0F2AD091F80490F046B9F1000F76
:1057700040F08680BEF11F0F87BF0EF01F0B5C4FFD
:10578000F3464FF0A0474FF0010A0AFA0BFAC7F8A8
:1057900008A5BEF11F0F86BF0EF01F08DFF850A14D
:1057A0004FF0A04A08F5E07806EB040E4FF0030B2B
:1057B00005EB8E0E4AF828B08EF81E9091F80DE099
:1057C000C0F80835009BD1F80880C0F80C351EF1F0
:1057D000000318BF0123019FC0F81075BCF1020F30
:1057E000C0F824857FD0BCF1030F79D0BCF1010F44
:1057F00056D0C0F854358B79C0F8C035002A58D03F
:1058000040220723C0F80423C0F800354A79000B72
:1058100043B25201002BD1B2C0B25BDB5A099200F5
:1058200002F1604203F16043012702F5614203F592
:10583000614300F01F0007FA00F083F80013C2F87C
:1058400080011060344405EB84052A4800220123BE
:105850006A772B7703B0BDE8F08F274803B0BDE827
:10586000F08F1F2B87BF03F01F08DFF884E09846F6
:105870004FF0A04E012707FA08F7CEF80C7520E785
:10588000BEF11F0F87BF0EF01F0B194FF3464FF0ED
:10589000A0474FF0010A0AFA0BFAC7F80CA578E7FF
:1058A00043F00203C0F854358B79C0F8C035002AA4
:1058B000A6D10723C0F80035C4E791F802E04FF005
:1058C000FF37BEF1FF0F00977FF42BAF4FF0FF378C
:1058D00001973BE7094B00F00F0003441976B1E74D
:1058E00043F0060385E743F0040382E7107E0020BF
:1058F000000300500000AD0B0500AD0BFCEC00E018
:10590000F0B40479294A0368E1000D19AD00565935
:10591000EEB11F0B7EB2002E11DB7609203601237B
:10592000DFF89CC007F01F0703FA07F74CF8267052
:10593000BFF34F8FBFF36F8F555903683DB10819FF
:1059400002EB80001A4DC3F80853407F10BB0819C2
:1059500002EB800090F82000FF280BD01F288ABFA0
:1059600000F01F004FF0A045124D00F5E070022638
:1059700045F82060104800258342C3F8005502D145
:105980000E4B01201860214402EB810200231377A3
:10599000F0BC704701205861D3F804010028FBD007
:1059A000081902EB800000254577D0E7107E002023
:1059B000520108000003005000F0024004F00240D1
:1059C00000E100E02DE9F04F0479644F4FEAC40C88
:1059D0000CEB04039B008646F8180E46417F83B00B
:1059E000002940F0918057F803909046B9F1000FDC
:1059F00004D012F0140F04BF012343770CEB04050D
:105A000007EB850596E80F0095F81FA005F10C0B34
:105A1000BAF1FF0F8BE80F0010D0AA7F5346002A7F
:105A200076D0BAF11F0F86BF0AF01F034C494FF022
:105A3000A041012202FA03F3C1F8083532686AB1C5
:105A400002F06043B3F1005F08D0644407EB8407C1
:105A5000002344487B7703B0BDE8F08FB16821B1E3
:105A600001F06043B3F1005FEFD1DEF800307568FC
:105A7000F068C3F844250022C3F84855C3F834152C
:105A8000C3F83805C3F81821D3F818210192019AF8
:105A900018F0010218BF0122C3F8502518F00202C5
:105AA00018BF012218F0080FC3F8402504BF0122D7
:105AB0001A61B9F1000F0BD02B48402218F0040FE7
:105AC00014BFC3F80823C3F8042303B0BDE8F08F64
:105AD000D3F81821002AFBD0BAF1FF0F2CD0644470
:105AE00007EB8407BB7F4BB3BAF11F0F84BF0AF0EB
:105AF0001F0A1B4A1C4898BF4FF0A042012303FA1B
:105B00000AF3C2F80C35A6E7184803B0BDE8F08FD9
:105B1000BAF11F0F4FF0010288BF0AF01F0302FA0B
:105B200003F388BF0E49326898BF4FF0A041C1F817
:105B30000C35002A84D191E70B488CE7BAF11F0F8E
:105B400084BF0AF01F0A064A074898BF4FF0A042D8
:105B5000012303FA0AF3C2F808357CE7107E00201F
:105B6000000300500A00AD0B0000AD0B0B00AD0BA5
:105B7000194BD3F8182102B970470021174AC3F80E
:105B80001811D3F81811D37F82B0FF2B019101991E
:105B90000DD0917F99B11F2B86BF03F01F031048D2
:105BA0004FF0A040012101FA03F3C0F80C350023A7
:105BB00053771372D2E900310A4802B018471F2BFD
:105BC00086BF03F01F0306484FF0A040012101FAF1
:105BD00003F3C0F80835EAE700300240107E0020E9
:105BE00000030050187E00201B4BD3F8182102B987
:105BF00070470021194AC3F81811D3F8181192F808
:105C0000433082B0FF2B019101990ED092F84210DF
:105C1000A9B11F2B86BF03F01F0311484FF0A0400E
:105C2000012101FA03F3C0F80C35002382F841305A
:105C300082F82C30D2E909310A4802B018471F2BEC
:105C400086BF03F01F0306484FF0A040012101FA70
:105C500003F3C0F80835E8E700F00240107E0020AA
:105C6000000300503C7E0020604B1B6830B45C1C7D
:105C700037D05F4A082B126800F08F805B4B5C4A7C
:105C80001B681268082B15D0591C23D0584A12687B
:105C9000082B12D0574AD2F8883043F47003C2F868
:105CA0008830BFF34F8FBFF36F8F534B534A1A6047
:105CB00030BC7047002A00F08280032AEAD84FF0F7
:105CC0008043D3F80024D20744BF6FF00102C3F829
:105CD0000024DFE74A4A4B4B12681B78C2F30312D9
:105CE000D6E7484A464B12781B68082AC3F30313C9
:105CF00001D1032B53D9424A424B12681B78C2F39D
:105D00000312082BBAD1032AB8D84FF080523E4B69
:105D1000D2F80414C3F82015D2F80814C3F82415D7
:105D2000D2F80C14C3F82815D2F81014C3F82C15A7
:105D3000D2F81414C3F83015D2F81814C3F8341577
:105D4000D2F81C14C3F84015D2F82014C3F8441537
:105D5000D2F82414C3F84815D2F82814C3F84C1507
:105D6000D2F82C14C3F85015D2F83014C3F85415D7
:105D7000D2F83414C3F86015D2F83814C3F8641597
:105D8000D2F83C14C3F86815D2F84014C3F86C1567
:105D9000D2F84424C3F8702570E7032A0CD8134BBB
:105DA0001B684FF080420021581CC2F80C11C2F849
:105DB0001011C2F838159ED00D4A1268A1E7134C95
:105DC0001349144D25601448144AFB24C1F81845A2
:105DD00001681268124C21F00F0102F00F020A4311
:105DE0004FF400710260216050E700BF30010010E5
:105DF0003401001000ED00E01C6100200090D00391
:105E0000E80F00F0E00F00F000C000408C560040AA
:105E100000F0004048810300E40E004058020010EA
:105E20004096024070B4284C284B2568284CA3FBB0
:105E300005639B0C02FB03F254F82000254B1F283E
:105E4000A3FB02324FEA920234D80123002903FA5D
:105E500000F114BF084600204FF0A04401E0013AD1
:105E600025D0D4F810350B408342F8D001E0013A38
:105E70001DD0D4F810350B408342F8D1002002E049
:105E80000130824213D0D4F810650E40B342F7D0EF
:105E900070B1114A43F2C823A2FB052503FB00F0B1
:105EA000AD0900F57A50B0FBF5F070BC70470020EA
:105EB00070BC704720380123002903FA00F114BF99
:105EC00008460020054CCCE71C61002083DE1B4304
:105ED000F49A03004FECC44ED34D621000030050FF
:105EE00008B5F0F7F5F9054B4FF080525A6040BF06
:105EF000BFF34F8FBFF36F8F08BD00BF00ED00E011
:105F0000704700BF704700BF044B036010B46423A8
:105F1000034C0C6013605DF8044B7047587E002002
:105F2000AC7E0020054B036010B44FF48073044C2A
:105F30000C6013605DF8044B704700BF3C8000208C
:105F40009080002070B51F4C84B04FF0FF3203A941
:105F50002068FDF795FB0028F7D00398037A456881
:105F6000052B0DD8DFE803F0272A221C1503D0E902
:105F70000361D0E90523C06900903046A847039823
:105F800003681BB11846FDF749F80398FDF746F87A
:105F9000DBE7D0E90523D0E90301A8470398EFE741
:105FA000D0E90412C068A8470398E9E7D0E90301E3
:105FB000A8470398E4E7A8470398E1E7C068A84723
:105FC0000398DDE7948400202DE9F0432D4B2E4CFF
:105FD0005B6885B0C3F30803019001AF2068002B14
:105FE00044D0002339461A46FDF7D0FA01283AD0AA
:105FF000DFF89880D8F80000002240000421FDF767
:1060000073F8064678B3DFF88890D9F80000FEF7F9
:1060100091F8FFF73DF802E03046FDF7A7F80022BF
:1060200003A92068FDF72CFB00230546642203A981
:106030000028F1D12068FDF76BFE2660FFF732F8EB
:10604000D9F80000FEF728F9D8F800300D4A20688A
:106050005B00C8F800305368C3F30803394653B9EE
:106060006422FDF783F805B0BDE8F0833946642269
:10607000FDF77CF8BAE72B462A46FDF787FA05B00C
:10608000BDE8F08300ED00E09484002090840020BF
:10609000988400202DE9F8439DF8205006460F46CD
:1060A00091469846CDB1A8000C30FCF79DFF044600
:1060B00088B10023C0F804900572036006B177B977
:1060C0002DB1AA00414604F10C0001F031FC20463C
:1060D000FFF77AFF0120BDE8F8831020E5E7384696
:1060E000FCF782FF81462060A0B13A46314601F0BC
:1060F0001FFC002DEBD0691EC9B208EB8101A8F18D
:10610000040353F8042FB24208BFC3F80090994229
:10611000F7D1D6E72046FCF781FF4846DBE700BF12
:1061200030B540230B4D83B00446002218460421AD
:106130002B60FCF7D9FF084B084918600223CDE912
:106140000031A2B2002306490648FDF779FF03B0EB
:1061500030BD00BF908400209484002098840020EB
:106160009C9B0300455F030011DF704708B50446A0
:10617000FFF7FAFF0D4B4FF080414FF0FF32C3F8AD
:106180008020C3F88021C3F88420C3F88421C1F89B
:106190001C45BFF34F8F0649064BCA6802F4E06204
:1061A0001343CB60BFF34F8F00BFFDE700E100E07A
:1061B00000ED00E00400FA054FF08043194AD3F8DF
:1061C0000014194830B41160D3F80054D3F80024F7
:1061D000164C17492A43C3F80024D4F8402502601E
:1061E00001224FF40030C3F818259A60C1F88000EE
:1061F000BFF34F8FBFF36F8F0E4C03F588334FF013
:10620000A0454FF480304FF0FF31C3F84803C3F886
:1062100008035A609A60C5F80815C4F8081530BC20
:10622000704700BF9C840020A084002000A0004094
:1062300000E100E00003005008B54E20FFF796FF94
:10624000222819D8F0B4614B53F82030023B82B0B9
:106250001D2B00F2B980DFE803F011A4A6A8B7B7A0
:10626000B7B7B7B7B7B7B7B7B7B7B7B7B7B7B7B7BE
:10627000B7B7B7B7AAACAEB0002070470127544BF0
:106280001C680023082CADF8063040F398800A2CD7
:1062900040F397800D2CB5BF0C250E250223032358
:1062A0004C494D4AC1F8F03501260023DFF834C1CE
:1062B0004A48C1F80065C1F81435C1F81035C2F874
:1062C0001435C2F81035C2F82435C2F82035C2F8AA
:1062D0003435C2F83035C2F84435C2F84035C2F81A
:1062E0005435C2F85035C2F86435C2F86035C2F88A
:1062F0007435C2F870353A4ADCF80030006812682C
:10630000DFF8E4C01B02000300F4805003F4E063F4
:106310001204034302F4E0229CF80000134343EA12
:1063200000630DF10602C1F818350846C1F814756E
:10633000C1F81075C1F82C26C1F830660E60D0F88F
:106340000031002BFBD000210123224AC0F80011AC
:106350004360D2F80431002BFBD0002001231D49FB
:10636000C2F804019360D1F81431002BFBD0002354
:10637000C1F81431BDF80620120448BFADF806304C
:10638000144B0022C3F80025BDF80600AC4200B251
:1063900004D035BF2C1B641BE040A04002B0F0BC11
:1063A000704702276BE7032769E7042767E705279C
:1063B00065E7062763E7072761E708275FE7082502
:1063C0006EE70A2501236BE70020E7E7F49A030054
:1063D000206100200070004010700040AC8400205C
:1063E000B0840020A8840020A484002022281BD888
:1063F0003C4B53F820301F2B86BF03F01F033A4A53
:106400004FF0A0420E290FD8DFE801F0655F595325
:106410004D474039322B241D160F080003F5E07359
:1064200040F2037142F82310704703F5E07340F225
:10643000036142F82310704703F5E07340F2035103
:1064400042F82310704703F5E07340F2034142F82D
:106450002310704703F5E07340F2033142F8231034
:10646000704703F5E07340F2032142F823107047B0
:1064700003F5E07340F2031142F82310704703F56F
:10648000E0734FF4403142F82310704703F5E07396
:106490004FF4003142F82310704703F5E0731349BD
:1064A00042F82310704703F5E073114942F82310B6
:1064B000704703F5E073042142F82310704703F599
:1064C000E0730C2142F82310704703F5E0730321B9
:1064D00042F82310704703F5E073002142F82310BF
:1064E000704700BFF49A030000030050040002004C
:1064F0000C000300222811D80A4B53F820301F2B20
:1065000088BF03F01F034FF001028CBF06484FF015
:10651000A04002FA03F311B1C0F808357047C0F883
:106520000C357047F49A030000030050222818D855
:106530000D4B53F820201F2A8ABF0C494FF0A04171
:1065400002F01F02D1F8140501239340034214BF47
:10655000D1F80425D1F81025134214BF01200020E2
:1065600070470020704700BFF49A030000030050FA
:1065700022280DD8074B53F820201F2A86BF02F08F
:106580001F0205494FF0A04101239340C1F80C358B
:10659000704700BFF49A03000003005030B401605C
:1065A0000022BFF35B8F4260BFF35B8F01688260A4
:1065B000FF254FF0FF340582C2608274C1F8644544
:1065C00030BC7047214B5B6809B90020704710B49C
:1065D000BFF35B8F4368BFF35B8F994200F1040404
:1065E00016D0BFF35B8F4368BFF35B8F83B903683B
:1065F000D3F86025D3F86405D2430028D3F86805A2
:106600004FEAD272A8BF0132002805DBD3F86C35FF
:1066100000205DF8044B7047D3F86C050028F7DACA
:10662000002AF5D1D3F80035002BF1D1BFF35B8FF1
:1066300054E8003F002B03D144E80012002AF7D1B0
:10664000BFF35B8F0CBF01200020E2E700ED00E00C
:106650001F4B5B6809B90020704710B4BFF35B8F14
:106660004368BFF35B8F8B4200F1040403D000202A
:106670005DF8044B70470368D3F86025D3F86405D0
:10668000D2430028D3F868054FEAD272A8BF01327E
:10669000002802DBD3F86C35E9E7D3F86C05002855
:1066A000E5DA002AE3D1D3F80035002BDFD1BFF3C0
:1066B0005B8F54E8003F8B4203D144E80020002860
:1066C000F7D1BFF35B8F0CBF01200020D0E700BFE4
:1066D00000ED00E008B509490948FFF75FFF0949E7
:1066E0000948FFF75BFF09490948FFF757FF0949C8
:1066F0000948BDE80840FFF751BF00BF00C0014096
:10670000B484002000100240C88400200020024011
:10671000DC84002000D00240F084002000F1080357
:106720004FF0FF310022816002604360C0E9033313
:10673000704700BF00230361704700BF43680268D1
:1067400010B49C688C609C684B60013261609960F9
:106750005DF8044B08610260704700BF30B40D68FB
:106760006B1C11D000F1080200E01A4653681C6847
:10677000AC42FAD904684B60013499608A60516078
:106780000861046030BC704702695368F2E700BFDB
:1067900042688168036910B4916081685C684A60EE
:1067A0001A68844208BF5960013A002101611A60E9
:1067B00018685DF8044B704770B514460D460146E5
:1067C0001046FBF7A3FD2368AA685B68296820468A
:1067D000984706462046FBF7A3FDAB68B34205D1B8
:1067E000032803D8034B33F8100070BD4FF48770B3
:1067F00070BD00BFA89B03002DE9F04F424DA5FBE3
:1068000001456D0885B005EB45062F468D1B9DF8AB
:1068100038A071D15468B4EB470F5DD31C460BB25E
:10682000302B0193CCBF002301230293019B0390E3
:1068300017464FF0300B302B03DC5FFA83FB01234C
:106840000293029B03995A462046FBF703FD8345BA
:1068500057D1BBF1000F44D00BEBCB080BEB480832
:1068600008EBC80808F1FF385FFA88F805F102095B
:10687000022313FB089803E0C14532D009F1020955
:10688000236820465B6998473B6858552368204633
:106890005B6998473B682B445870236820465B69C6
:1068A00098470646386852462844022100F06AF8A4
:1068B000F6B286424D46DFD003E0236820465B698E
:1068C0009847236820461B6998470028F5D140F275
:1068D0000B2005B0BDE8F08F40F2032005B0BDE805
:1068E000F08F019BA3EB0B090FFA89F3002B0193A7
:1068F000A1DCFD600020ECE740F20A2005B0BDE815
:10690000F08F40F20F20E4E7ABAAAAAA30B4022528
:10691000C0E90255C0E90012037430BC704700BFE3
:106920004368012B06D903680A0A1A70036800201D
:106930005970704740F20330704700BF10B4002414
:10694000C0E90244C0E900125DF8044B704700BF83
:1069500070B4C468012C11D9034680681E68451CB8
:106960009D60325C023012020A809860705D023CC9
:1069700002430A800020DC6070BC704740F2024095
:1069800070BC704710B4002A4ED1002900F09C80E2
:106990004C1E0444431E104613F8012F504010F0C3
:1069A000800F4FEA400018BF80F03100C0B210F0F5
:1069B000800F4FEA400018BF80F03100C0B210F0E5
:1069C000800F4FEA400018BF80F03100C0B210F0D5
:1069D000800F4FEA400018BF80F03100C0B210F0C5
:1069E000800F4FEA400018BF80F03100C0B210F0B5
:1069F000800F4FEA400018BF80F03100C0B210F0A5
:106A0000800F4FEA400018BF80F03100C0B210F094
:106A1000800F4FEA400018BF80F031009C42C0B2A6
:106A2000BAD15DF8044B704700294BD04C1E04448A
:106A3000431EFF2013F8012F504010F0800F4FEA43
:106A4000400018BF80F03100C0B210F0800F4FEA54
:106A5000400018BF80F03100C0B210F0800F4FEA44
:106A6000400018BF80F03100C0B210F0800F4FEA34
:106A7000400018BF80F03100C0B210F0800F4FEA24
:106A8000400018BF80F03100C0B210F0800F4FEA14
:106A9000400018BF80F03100C0B210F0800F4FEA04
:106AA000400018BF80F03100C0B210F0800F4FEAF4
:106AB000400018BF80F03100A342C0B2BAD15DF8E7
:106AC000044B7047FF20ACE70846AAE710EE102AF7
:106AD00022F00041CB0D7F3B162B1CDC002B10EE6F
:106AE000100A21DB194919410A421CD0DFED187A3E
:106AF00070EE277AF5EEC07AF1EE10FA13DD002A77
:106B000004DD4FF4000242FA03F3184420EA0103C3
:106B100000EE103A7047B1F1FF4F04D330EE000A97
:106B200070479FED0C0A7047DFED097A70EE277A07
:106B3000F5EEC07AF1EE10FAF5DD002AF1DB00295E
:106B4000F7EE007A18BFB0EE670A7047FFFF7F00CC
:106B5000CAF249710000008010EE102A22F00041B4
:106B6000CB0D7F3B162B1CDC002B10EE100A1EDB1E
:106B7000194919410A4227D0DFED187A70EE277AB9
:106B8000F5EEC07AF1EE10FA1EDD002A04DA4FF4B9
:106B9000000242FA03F3184420EA010300EE103A1F
:106BA0007047B1F1FF4F0FD330EE000A7047DFEDB1
:106BB0000B7A70EE277AF5EEC07AF1EE10FA03DD6B
:106BC000002A02DB9FED060A70470029FFEE007ADB
:106BD00018BFB0EE670A7047FFFF7F00CAF2497125
:106BE0000000000081F0004102E000BF83F000439C
:106BF00030B54FEA41044FEA430594EA050F08BF58
:106C000090EA020F1FBF54EA000C55EA020C7FEA1B
:106C1000645C7FEA655C00F0E2804FEA5454D4EB98
:106C20005555B8BF6D420CDD2C4480EA020281EA62
:106C3000030382EA000083EA010180EA020281EA9A
:106C40000303362D88BF30BD11F0004F4FEA0131EC
:106C50004FF4801C4CEA113102D0404261EB4101FB
:106C600013F0004F4FEA03334CEA133302D0524281
:106C700063EB430394EA050F00F0A780A4F101043D
:106C8000D5F1200E0DDB02FA0EFC22FA05F2801877
:106C900041F1000103FA0EF2801843FA05F359415D
:106CA0000EE0A5F120050EF1200E012A03FA0EFCDC
:106CB00028BF4CF0020C43FA05F3C01851EBE37106
:106CC00001F0004507D54FF0000EDCF1000C7EEB23
:106CD00000006EEB0101B1F5801F1BD3B1F5001F61
:106CE0000CD349085FEA30004FEA3C0C04F1010480
:106CF0004FEA445212F5800F80F09A80BCF1004FA9
:106D000008BF5FEA500C50F1000041EB045141EA2A
:106D1000050130BD5FEA4C0C404141EB010111F42B
:106D2000801FA4F10104E9D191F0000F04BF0146D6
:106D30000020B1FA81F308BF2033A3F10B03B3F1B4
:106D400020020CDA0C3208DD02F1140CC2F10C0244
:106D500001FA0CF021FA02F10CE002F11402D8BFA2
:106D6000C2F1200C01FA02F120FA0CFCDCBF41EA6E
:106D70000C019040E41AA2BF01EB0451294330BD3D
:106D80006FEA04041F3C1CDA0C340EDC04F114041A
:106D9000C4F1200220FA04F001FA02F340EA0300F1
:106DA00021FA04F345EA030130BDC4F10C04C4F137
:106DB000200220FA02F001FA04F340EA0300294617
:106DC00030BD21FA04F0294630BD94F0000F83F461
:106DD000801306BF81F480110134013D4EE77FEA44
:106DE000645C18BF7FEA655C29D094EA050F08BF90
:106DF00090EA020F05D054EA000C04BF1946104671
:106E000030BD91EA030F1EBF0021002030BD5FEAB4
:106E1000545C05D14000494128BF41F0004130BDDC
:106E200014F580043CBF01F5801130BD01F0004530
:106E300045F0FE4141F470014FF0000030BD7FEAA3
:106E4000645C1ABF194610467FEA655C1CBF0B469E
:106E5000024650EA013406BF52EA033591EA030FB5
:106E600041F4002130BD00BF90F0000F04BF0021AD
:106E7000704730B54FF4806404F132044FF00005E0
:106E80004FF0000150E700BF90F0000F04BF002159
:106E9000704730B54FF4806404F1320410F00045BF
:106EA00048BF40424FF000013EE700BF42004FEABA
:106EB000E2014FEA31014FEA02701FBF12F07F4337
:106EC00093F07F4F81F06051704732F07F4208BFEE
:106ED000704793F07F4F04BF41F40021704730B5F5
:106EE0004FF4607401F0004521F000411CE700BF41
:106EF00050EA010208BF704730B54FF000050AE0C4
:106F000050EA010208BF704730B511F0004502D5C4
:106F1000404261EB41014FF4806404F132045FEAC6
:106F2000915C3FF4D8AE4FF003025FEADC0C18BF6F
:106F300003325FEADC0C18BF033202EBDC02C2F161
:106F4000200300FA03FC20FA02F001FA03FE40EAF3
:106F50000E0021FA02F11444BDE600BF70B54FF0F7
:106F6000FF0C4CF4E06C1CEA11541DBF1CEA1355D5
:106F700094EA0C0F95EA0C0F00F0DEF82C4481EA3D
:106F8000030621EA4C5123EA4C5350EA013518BF5D
:106F900052EA033541F4801143F4801338D0A0FB4A
:106FA00002CE4FF00005E1FB02E506F00042E0FBF7
:106FB00003E54FF00006E1FB03569CF0000F18BFFD
:106FC0004EF0010EA4F1FF04B6F5007F64F54074A5
:106FD00004D25FEA4E0E6D4146EB060642EAC62138
:106FE00041EA55514FEAC52040EA5E504FEACE2EA5
:106FF000B4F1FD0C88BFBCF5E06F1ED8BEF1004FA8
:1070000008BF5FEA500E50F1000041EB045170BD23
:1070100006F0004646EA010140EA020081EA030167
:10702000B4EB5C04C2BFD4EB0C0541EA045170BD63
:1070300041F480114FF0000E013C00F3AB8014F1DD
:10704000360FDEBF002001F0004170BDC4F1000426
:10705000203C35DA0C341BDC04F11404C4F12005A7
:1070600000FA05F320FA04F001FA05F240EA020002
:1070700001F0004221F0004110EBD37021FA04F638
:1070800042EB06015EEA430E08BF20EAD37070BDF2
:10709000C4F10C04C4F1200500FA04F320FA05F051
:1070A00001FA04F240EA020001F0004110EBD37053
:1070B00041F100015EEA430E08BF20EAD37070BDC3
:1070C000C4F1200500FA05F24EEA020E20FA04F39C
:1070D00001FA05F243EA020321FA04F001F000414B
:1070E00021FA04F220EA020000EBD3705EEA430EBC
:1070F00008BF20EAD37070BD94F0000F0FD101F0EB
:107100000046400041EB010111F4801F08BF013C23
:10711000F7D041EA060195F0000F18BF704703F061
:107120000046520043EB030313F4801F08BF013DE8
:10713000F7D043EA0603704794EA0C0F0CEA1355A4
:1071400018BF95EA0C0F0CD050EA410618BF52EA5E
:107150004306D1D181EA030101F000414FF0000064
:1071600070BD50EA410606BF1046194652EA430672
:1071700019D094EA0C0F02D150EA013613D195EAE6
:107180000C0F05D152EA03361CBF104619460AD12E
:1071900081EA030101F0004141F0FE4141F4700138
:1071A0004FF0000070BD41F0FE4141F4780170BD28
:1071B00070B54FF0FF0C4CF4E06C1CEA11541DBF8D
:1071C0001CEA135594EA0C0F95EA0C0F00F0A7F88F
:1071D000A4EB050481EA030E52EA03354FEA0131BC
:1071E00000F088804FEA03334FF0805545EA1313CF
:1071F00043EA12634FEA022245EA111545EA106597
:107200004FEA00260EF000419D4208BF964244F12D
:10721000FD0404F5407402D25B084FEA3202B61A4C
:1072200065EB03055B084FEA32024FF480104FF420
:10723000002CB6EB020E75EB030E22BFB61A754694
:1072400040EA0C005B084FEA3202B6EB020E75EB27
:10725000030E22BFB61A754640EA5C005B084FEA8F
:107260003202B6EB020E75EB030E22BFB61A75465C
:1072700040EA9C005B084FEA3202B6EB020E75EB67
:10728000030E22BFB61A754640EADC0055EA060E28
:1072900018D04FEA051545EA16754FEA06164FEA6B
:1072A000C30343EA52734FEAC2025FEA1C1CC0D117
:1072B00011F4801F0BD141EA00014FF000004FF0A4
:1072C000004CB6E711F4801F04BF01430020B4F165
:1072D000FD0C88BFBCF5E06F3FF6AFAEB5EB030C1D
:1072E00004BFB6EB020C5FEA500C50F1000041EB1A
:1072F000045170BD0EF0004E4EEA113114EB5C04E7
:10730000C2BFD4EB0C0541EA045170BD41F48011B9
:107310004FF0000E013C90E645EA060E8DE60CEAC1
:10732000135594EA0C0F08BF95EA0C0F3FF43BAFDE
:1073300094EA0C0F0AD150EA01347FF434AF95EA95
:107340000C0F7FF425AF104619462CE795EA0C0F79
:1073500006D152EA03353FF4FDAE1046194622E746
:1073600050EA410618BF52EA43067FF4C5AE50EA20
:1073700041047FF40DAF52EA43057FF4EBAE12E710
:107380004FF0FF3C06E000BF4FF0010C02E000BFF1
:107390004FF0010C4DF804CD4FEA410C7FEA6C5CD4
:1073A0004FEA430C18BF7FEA6C5C1BD001B050EA77
:1073B000410C0CBF52EA430C91EA030F02BF90EA62
:1073C000020F0020704710F1000F91EA030F58BF21
:1073D000994208BF90422CBFD8176FEAE37040F083
:1073E000010070474FEA410C7FEA6C5C02D150EA21
:1073F000013C07D14FEA430C7FEA6C5CD6D152EADC
:10740000033CD3D05DF8040B704700BF84461046A0
:1074100062468C461946634600E000BF01B5FFF79F
:10742000B7FF002848BF10F1000F01BD4DF808ED6F
:10743000FFF7F4FF0CBF012000205DF808FB00BF40
:107440004DF808EDFFF7EAFF34BF012000205DF89A
:1074500008FB00BF4DF808EDFFF7E0FF94BF0120E7
:1074600000205DF808FB00BF4DF808EDFFF7CEFFE8
:1074700094BF012000205DF808FB00BF4DF808ED27
:10748000FFF7C4FF34BF012000205DF808FB00BFF8
:107490004A0011D212F5001211D20DD56FF4787393
:1074A000B3EB62520ED44FEAC12343F0004343EAE8
:1074B000505323FA02F070474FF00000704750EA33
:1074C000013002D14FF0FF3070474FF0000070479D
:1074D0004FEA4102B2F1E04324BFB3F5001CDCF1F6
:1074E000FE5C0DD901F0004C4FEAC0024CEA50702E
:1074F000B2F1004F40EB830008BF20F0010070475D
:1075000011F0804F21D113F13872BCBF01F000405F
:10751000704741F480114FEA5252C2F11802C2F191
:10752000200C10FA0CF320FA02F018BF40F0010012
:107530004FEAC1234FEAD32303FA0CFC40EA0C00C4
:1075400023FA02F34FEA4303CCE77FEA625307D101
:1075500050EA01331EBF4FF0FE4040F44000704738
:1075600001F0004040F0FE4040F40000704700BFD2
:1075700053B94AB9002908BF00281CBF4FF0FF319A
:107580004FF0FF3000F072B9ADF1080C6DE904CE98
:1075900000F006F8DDF804E0DDE9022304B07047EE
:1075A0002DE9F047089E04468846002B4BD18A42BD
:1075B000154667D9B2FA82F24AB1C2F1200701FA40
:1075C00002F320FA07F7954047EA030894404FEA90
:1075D000154E230CB8FBFEF71FFA85FC0EFB17882F
:1075E00043EA084307FB0CF1994209D9EB1807F16C
:1075F000FF3080F01B81994240F21881023F2B44FA
:107600005B1AA4B2B3FBFEF00EFB103344EA034452
:1076100000FB0CFCA44509D92C1900F1FF3380F0C4
:107620000781A44540F2048102382C4440EA074017
:10763000A4EB0C0400271EB1D4400023C6E900438C
:107640003946BDE8F0878B4209D9002E00F0EB8067
:107650000027C6E9000138463946BDE8F087B3FA8D
:1076600083F7002F47D18B4202D3824200F2FA8087
:10767000841A61EB030301209846002EE0D0C6E98E
:107680000048DDE702B9FFDEB2FA82F2002A40F0DC
:107690008F80491B4FEA154E1FFA85F80127B1FB71
:1076A000FEFC230C0EFB1C1143EA014308FB0CF10A
:1076B000994207D9EB180CF1FF3002D2994200F23F
:1076C000CD808446591AA3B2B1FBFEF00EFB101414
:1076D00043EA044408FB00F8A04507D92C1900F13F
:1076E000FF3302D2A04500F2B6801846A4EB08048E
:1076F00040EA0C409FE7C7F1200CBB4022FA0CFE89
:107700004EEA030E01FA07F420FA0CF521FA0CF305
:107710004FEA1E482543B3FBF8F92C0C08FB19333C
:107720001FFA8EFA44EA034309FB0AF49C4202FA68
:1077300007F200FA07F10BD91EEB030309F1FF3042
:1077400080F087809C4240F28480A9F10209734452
:107750001B1BADB2B3FBF8F008FB103345EA034442
:1077600000FB0AFAA24508D91EEB040400F1FF331E
:107770006BD2A24569D90238744440EA0940A0FBA3
:107780000289A4EB0A044C45C2464B4654D351D05F
:10779000002E69D0B1EB0A0564EB030404FA0CFC7B
:1077A000FD40FC404CEA0505C6E90054002747E7C8
:1077B000C2F1200320FA03F7954001FA02F021FA02
:1077C00003F34FEA154E3843010CB3FBFEF71FFAE3
:1077D00085F80EFB173341EA034107FB08F38B42A0
:1077E00004FA02F407D9691807F1FF3C2FD28B4243
:1077F0002DD9023F2944CB1A81B2B3FBFEF00EFB18
:10780000103341EA034100FB08F38B4207D96918A2
:1078100000F1FF3C17D28B4215D902382944C91A0E
:1078200040EA07473BE73746304609E70746E7E6C1
:107830001846FBE64145ABD2B8EB020A69EB0E02F3
:1078400001381346A4E76046E9E7184695E767461E
:10785000D1E781467CE702382C4447E7ACF1020CC3
:107860002B442FE7384608E73746E9E6704700BF64
:10787000014B1868704700BF3461002008B5074B02
:10788000044613B10021AFF30080054B1868836AEA
:1078900003B19847204601F01DFE00BF0000000024
:1078A000B09B030070B50D4E0D4CA41BA410002519
:1078B000A54209D10B4E0C4C01F00EFEA41BA410E6
:1078C0000025A54205D170BD56F8253098470135F1
:1078D000EEE756F8253098470135F2E704630020BB
:1078E000046300200463002028630020024B01464B
:1078F000186800F0A5B800BF34610020024B0146B3
:10790000186800F04FB800BF3461002082B001B9A0
:1079100001A942B14BB113780B601278101C18BF4B
:10792000012002B070471046FBE76FF00100F8E756
:1079300010B5431E0A44914200D110BD11F8014B0D
:1079400003F8014FF7E7884210B501EB020307D8AF
:10795000421E99420AD011F8014B02F8014FF8E794
:107960008342F5D98118D21AD34200D110BD13F841
:10797000014D01F8014DF7E702440346934200D15F
:10798000704703F8011BF9E738B502FB01F4214603
:1079900000F056F8054618B122460021FFF7ECFF2B
:1079A000284638BD38B50546002945D051F8043C75
:1079B0000C1F002BB8BFE41801F070FA1F4A1368BF
:1079C000104633B9636014602846BDE8384001F0C2
:1079D00066BAA3420CD921686218934204BF1A68A0
:1079E0005B68636004BF521822600460ECE71346D2
:1079F0005A680AB1A242FAD919685818A0420BD1A4
:107A000020680144581882421960DDD1106852681C
:107A10005A6001441960D7E702D90C232B60D3E7E1
:107A2000206821188A4204BF11685268626004BF4E
:107A3000091821605C60C7E738BD00BF04850020DD
:107A400070B5CD1C25F0030508350C2D38BF0C256D
:107A5000002D064601DBA94203D90C233360002028
:107A600070BD01F01BFA214A1468214691B9204CDF
:107A700023681BB9304600F087FB2060294630465A
:107A800000F082FB431C24D10C233360304601F00C
:107A900006FAE4E70B685B1B18D40B2B0FD90B60BD
:107AA000CD50CC18304601F0FAF904F10B00231D3B
:107AB00020F00700C31AD3D05A42E250D0E78C42DC
:107AC0004B6816BF636013600C46EBE70C464968D1
:107AD000CCE7C41C24F00304A04205D0211A304690
:107AE00000F052FB0130CFD02560DBE70485002099
:107AF000088500202DE9FF4755EC104B0D9FDDF860
:107B000030A0002D0E4691461946B8BF22462B469E
:107B100027F02007BBBF05F100431D4600232D239E
:107B2000B8BF1446462F0B7004D0452F00D1013644
:107B3000022100E0032103AB019302AB0093324624
:107B4000534645EC104B00F0E3FB472F804602D133
:107B500019F0010F26D0462F08EB060911D198F82D
:107B60000030302B0AD10022002320462946FFF79F
:107B70005DFC18B9C6F10106CAF80060DAF80030F9
:107B800099440022002320462946FFF74FFC38B9CC
:107B90003022039B4B4505D2591C03911A70F8E71C
:107BA000CDF80C90039B0E9AA3EB0803404613609C
:107BB00004B0BDE8F087F7B500290446BABF4942D2
:107BC0002D232B23092904F8022B437020DD0DF10E
:107BD00007031F460A2691FBF6F506FB1511303107
:107BE000092D03F8011C03F1FF32294609DC30316D
:107BF000023B02F8011CBB42224604D3101A03B018
:107C0000F0BD1346E7E713F8012B04F8012BF2E768
:107C1000302319448370021DC170EFE72DE9F04F46
:107C20008DB00C46DDF8588016461F46054601F01B
:107C300027F903680493184600F0B6FA00230A9364
:107C4000D8F800300590073323F0070303F108024A
:107C500094F818A0D4F800B0C8F80020D3E90023A5
:107C6000C4E91223D4E9128929F000430793CDF81F
:107C700018804FF0FF32A74BDDE9060101F0ECFB65
:107C800070BB4FF0FF32A34BDDE90601FFF7E2FBCB
:107C900030BB0022002340464946FFF7D1FB10B11C
:107CA0002D2384F843309C4A9C4BBAF1470F8CBF7C
:107CB0009046984603232BF00402236122604FF084
:107CC0000009009733460BAA2146284600F0E6F942
:107CD000013040F08D804FF0FF300DB0BDE8F08FE7
:107CE00042464B464046494601F0B6FB10B18C4A2D
:107CF0008C4BDAE761684B1C4BF480620AA83ED1DA
:107D0000062363600023CDE9020309AB009349EC2D
:107D1000108B0DF123032260CDF804A06168284682
:107D2000FFF7E8FE0AF0DF03472B804609D1099BE5
:107D3000D81C02DB6268934247DDAAF1020A5FFAAF
:107D40008AFABAF1650F099924D80139524604F12B
:107D500050000991FFF72FFF0A9A1318012A814654
:107D6000236102DC2268D10701D5013323619DF82C
:107D70002330002BA5D02D2384F84330A1E7BAF19E
:107D8000670F00F07781BAF1470FBBD10029B9D155
:107D90000123B6E7BAF1660F19D1002963680CDD3B
:107DA000216113B92268D20702D501330B44236144
:107DB000099BA3654FF00009D9E713B92268D007E2
:107DC00001D50233F3E70123F1E74FF0670ADDE95C
:107DD0000932934205DB22682361D107E8D50133DC
:107DE000E5E7002BD4BFC3F1020301231344DEE710
:107DF00023685A0507D42369424631462846B847C6
:107E000001302BD167E7BAF1650F40F2DC80002228
:107E10000023D4E91201FFF709FB002833D0012326
:107E2000414A31462846B84701303FF454AFDDE9B6
:107E300009239A4202DB2368D8070FD5DDE9042322
:107E400031462846B84701303FF445AF4FF00008AF
:107E500004F11A090A9B013B434509DC23689B078F
:107E600000F10381E0680B9B9842B8BF184634E7E5
:107E700001234A4631462846B84701303FF42BAF2C
:107E800008F10108E6E7099B002B2BDC0123264AB9
:107E900031462846B84701303FF41DAF099B23B94E
:107EA0000A9B13B92368D907D8D5DDE904233146E5
:107EB0002846B84701303FF40EAF4FF0000904F1F7
:107EC0001A0A099B5B424B4501DC0A9B94E701239C
:107ED000524631462846B84701303FF4FCAE09F11E
:107EE0000109EEE70A9AA36D9A42A8BF1A46002A32
:107EF000914607DD1346314642462846B8470130D1
:107F00003FF4E9AE04F11A034FF0000B29EAE979D6
:107F1000069315E0FFFFEF7FC29B0300BE9B0300AB
:107F2000CA9B0300C69B0300CE9B03000123069A55
:107F300031462846B84701303FF4CDAE0BF1010B76
:107F4000D4F858A0AAEB09035B45EFDCDDE909236F
:107F50009A42D04415DB2368DA0712D40A9B0999A8
:107F6000A3EB0A02A3EB010A9245A8BF9246BAF11D
:107F7000000F0EDC4FF000082AEAEA7A04F11A0931
:107F800019E0DDE9042331462846B8470130E5D140
:107F9000A1E65346424631462846B8470130E9D16A
:107FA00099E601234A4631462846B84701303FF456
:107FB00092AE08F10108DDE909239B1AA3EB0A033D
:107FC0004345EEDC4AE70A9A012A01DCDB073AD591
:107FD0000123424631462846B84701303FF47BAE84
:107FE000DDE9042331462846B847013008F101088D
:107FF0003FF471AE0A9B002203F1FF3AD4E912016B
:108000000023FFF713FAC8B95346424631462846C3
:10801000B84701300ED15EE601235246314628466C
:10802000B84701303FF457AE08F101080A9B013B05
:108030004345F1DC4B4604F15002DEE64FF0000808
:1080400004F11A0AF2E70123DFE701234A46314629
:108050002846B84701303FF43EAE08F10108E36816
:108060000B9A9B1A4345F0DCFCE64FF0000804F144
:108070001909F4E700293FF48BAE0023CDE9020390
:1080800009AB009349EC108B2260CDF804A00DF1F0
:1080900023032846FFF72EFD804648E62DE9F047EA
:1080A00091461F468A680B69DDF820809342B8BF6D
:1080B0001346C9F8003091F8432006460C4612B129
:1080C0000133C9F800302368990642BFD9F800305F
:1080D0000233C9F80030256815F0060507D104F110
:1080E000190AE368D9F800209B1AAB4228DC94F8FF
:1080F00043302268003318BF012392062DD404F1C7
:10810000430239463046C047013020D02368E56835
:10811000D9F8002003F00603042B08BFAD1AA368AA
:1081200022690CBF25EAE57500259342C4BF9B1A5E
:10813000ED184FF000091A344D451AD1002008E01F
:108140000123524639463046C047013003D14FF033
:10815000FF30BDE8F0870135C3E7E1185A1C302035
:1081600081F84300224494F8451082F8431002330A
:10817000C5E70123224639463046C0470130E6D0E4
:1081800009F10109D8E7000038B5064C002305467F
:1081900008462360FDF79AF9431C02D1236803B116
:1081A0002B6038BD2C850020034613F8012B002AD4
:1081B000FBD1181A0138704710B56AB1013984181B
:1081C00010F8013B11F8012F934203D1A04201D0D6
:1081D000002BF5D1981A10BD1046FCE749B1FF2AD3
:1081E00085BF8A2303600A704FF0FF3098BF0120DB
:1081F0007047084670472DE9F74F03690C69A342A1
:108200008046C0F28280013C01F114074FEA840CE1
:1082100000F1140657F8245056F8240006EB0C031E
:10822000013507EB0C090193B0FBF5F595B34FF061
:10823000000A3846B646D34650F8042B93B205FBE5
:1082400003A34FEA134A9BB2ABEB0303120CDEF815
:1082500000B005FB02A213FA8BF34FEA124A1FFA91
:1082600082FBDEF80020CBEB124202EB23429BB2F2
:1082700043EA024381454FEA224B4EF8043BDBD2EE
:1082800056F80C3033B9019B043B9E421A4630D35A
:10829000C8F81040404601F019F8002825DB0135E8
:1082A00030464FF0000C57F8042BD0F800E093B2A2
:1082B000ACEB0303120C13FA8EF3C2EB1E4202EB7B
:1082C00023429BB243EA0243B9454FEA224C40F8AD
:1082D000043BE8D256F8242006EB84032AB9043B79
:1082E0009E421A460BD3C8F81040284603B0BDE89A
:1082F000F08F1268043B002ACAD1013CC5E712681E
:10830000043B002AEFD1013CEAE70020EEE7000041
:108310002DE9F04F57EC106B97B0456A0691044673
:108320000B921293DDF88080CDE900673DB91020F3
:10833000FAF75AFE6062C0E901550560C560636ADC
:10834000196851B15A684A60012393408B602046F6
:1083500000F0DAFD636A00221A603B1EBBBF23F007
:108360000043019300230122ACBFC8F80030C8F8D5
:108370000020AF4BDDF8048033EA080314D1129AD1
:1083800042F20F731360009B23B9C8F31300002857
:1083900000F04285219BDFF8ACB2002B00F0448551
:1083A0000BF1030300F03EBDDDE90067002200236E
:1083B00030463946FFF73AF8814668B1129A0123F0
:1083C0001360219B002B00F024859A4B219A03F126
:1083D000FF3B136000F028BD14AA15A947EC106BF1
:1083E000204600F0EAFFC8F30A550490002D7CD027
:1083F000C7F3130343F07F5BB2464BF4401BA5F277
:10840000FF35CDF84C9000228B4B50465946FEF775
:10841000EDFB81A3D3E90023FEF7A0FD80A3D3E900
:108420000023FEF7E5FB064628460F46FEF72CFD27
:108430007DA3D3E90023FEF791FD02460B463046AB
:108440003946FEF7D5FB06460F4601F01BF8002221
:108450008246002330463946FEF7F2FF48B15046C7
:10846000FEF712FD32463B46FEF7E0FF08B90AF17F
:10847000FF3ABAF1160F59D8704901EBCA01DDE98C
:108480000023D1E90001FEF7F9FF002850D00AF1DE
:10849000FF3A00230F93149B5D1BB5F1010849BF00
:1084A000C5F10103002305934FF0000858BF059361
:1084B000BAF1000F3EDB0023D044CDF838A007937B
:1084C000069B092B00F29080052BC4BF043B06934A
:1084D000069BA3F10203CCBF00250125032B00F26C
:1084E0008F80DFE803F07D7F3171DDE914531D4497
:1084F00005F23240202813DDC0F14000009B08FA4D
:1085000000F805F2124023FA00F048EA0000FEF7F6
:10851000ABFC01238246A1F1F87B013D139372E786
:10852000009BC0F1200003FA00F0F0E70123B1E75F
:108530000F90B0E7059BA3EB0A030593CAF1000374
:10854000079300230E93BBE701230A930B9B002B99
:1085500059DD02939946666A00227260042202F194
:1085600014009842716853D9204600F099FC636A60
:108570003060B9F10E0FD3F800B000F2E680002DA4
:1085800000F0E3809DED007BBAF1000F8DED107BD4
:1085900074DD2A4A0AF00F0302EBC30393ED007B5C
:1085A0004FEA2A16F0068DED087B65D5244BDDE9F0
:1085B0001001D3E90823FEF7FBFDCDE9000106F029
:1085C0000F0603251E4F4CE001230A930B9B5344D7
:1085D00003F1010902934B46012BB8BF0123BAE70F
:1085E0000023B2E70023F0E70125002306930A9554
:1085F0004FF0FF3302939946002212230B92AAE711
:1086000001230A93F4E70123029399461A46F5E7FA
:10861000013171605200A2E761436F63A787D23FC7
:10862000B3C8608B288AC63FFB799F501344D33F61
:108630000000F07FCF9B03000000F83F689D03001F
:10864000409D0300DA9C0300F10708D5DDE908012D
:10865000D7E90023FEF782FCCDE908010135761049
:108660000837002EF0D1DDE90823DDE90001FEF72F
:108670009FFDCDE900011AE00225A3E700F0A080EC
:10868000CAF100069F4BA04F06F00F0203EBC20396
:10869000D3E90023DDE91001FEF760FCCDE900011C
:1086A000361100230225002E7FD1002BE1D10F9B34
:1086B000002B00F08780DDE900670022934B3046F5
:1086C0003946FEF7BDFE00287CD0B9F1000F79D005
:1086D000029B002B35DD0AF1FF3308933946002257
:1086E0008B4B3046FEF73AFCCDE90001029F013585
:1086F0002846FEF7C9FBDDE90023FEF72FFC002228
:10870000844BFEF775FA0546A1F15076002F5DD136
:108710000022814BDDE90001FEF768FA2A46334664
:10872000CDE90001FEF7AAFE002840F088822A4623
:1087300006F10043DDE90001FEF782FE002840F06B
:108740007C82DDE91023CDE90023159B002BC0F2CC
:108750005081BAF10E0F00F34C816A4B03EBCA0350
:1087600093ED007B0B9B002B8DED027B80F2D8807C
:10877000B9F1000F00F3D48040F05E820022664B16
:1087800051EC170BFEF7EAFBDDE90023FEF76CFE68
:108790004F464E46002840F0348231230BF101054C
:1087A0008BF800300AF1010A2FE2F20705D5D7E96C
:1087B0000023FEF7D3FB013501237610083772E75B
:1087C000022574E7CDF820A04F4691E74D4B03EB0F
:1087D000C70353E902010A9B002B47D002460B4610
:1087E00000204E49FEF7E4FC2A463346FEF7FEF928
:1087F000CDE90C015D46DDE9000100F043FE0646CF
:10880000FEF742FB02460B46DDE90001FEF7EEF9FA
:10881000303605F8016BDDE90C23CDE90001FEF7E8
:108820000FFE002863D1DDE9002300203749FEF761
:10883000DDF9DDE90C23FEF703FE002840F0B780E8
:10884000A5EB0B039F427FF77CAF0022304BDDE9A5
:108850000C01FEF783FB0022CDE90C012C4BDDE976
:108860000001FEF77BFBCDE90001C4E72A46334651
:10887000FEF774FBCDE90C010BEB07055E46DDE965
:10888000000100F0FFFD0746FEF7FEFA3037024612
:108890000B46DDE90001FEF7A9F906F8017BAE42BF
:1088A000CDE900014FF0000226D11C4BDDE90C019F
:1088B000FEF79EF902460B46DDE90001FEF7DEFDFC
:1088C000002874D1DDE90C2300201449FEF78EF94D
:1088D00002460B46DDE90001FEF7B2FD00283FF439
:1088E00030AF15F8013C302B05F1FF3202D0DDF836
:1088F00020A04AE01546F4E7054BFEF72FFBCDE933
:108900000001BCE7689D0300409D03000000F03FAC
:108910000000244000001C40000014400000E03F24
:10892000DDE900675D46DDE9022330463946FEF7A2
:108930003FFC00F0A7FD8046FEF7A6FADDE9022322
:10894000FEF70CFB02460B463046394608F130066E
:10895000FEF74CF905F8016BA5EB0B06B145024695
:108960000B4639D1FEF744F9DDE9022306460F46EE
:10897000FEF784FDC8B9DDE9022330463946FEF72B
:1089800055FD10B118F0010F0FD10499204600F0E9
:10899000BBFA0023129A2B700AF101031360219B8A
:1089A000002B00F041821D603EE2CDF820A015F8BA
:1089B000012C392A05F1FF3308D19B450AD1089BC8
:1089C0000133089330238BF800305B461A7801326C
:1089D0001A708CE71D46EAE700229B4BFEF7BEFAB1
:1089E0000022002306460F46FEF720FD00289AD0FD
:1089F000CBE70A9A002A00F08B80069A012A6EDCE7
:108A0000139A002A67D003F23343079F059D059A06
:108A100001211A4420460592984400F015FB0646B1
:108A2000002D0CDDB8F1000F09DD4545059A2B46F8
:108A3000A8BF4346D21A0592ED1AA8EB0308079B7C
:108A4000EBB10A9B002B67D08FB131463A462046E6
:108A500000F09AFB049A01460646204600F0FDFA13
:108A600004990890204600F04FFA089B0493079B56
:108A7000DA1B04D00499204600F086FB0490012103
:108A8000204600F0E1FA0E9B0746002B00F0D08153
:108A90001A460146204600F077FB069B012B07464D
:108AA00040DC009B002B39D1019BC3F31303002B47
:108AB00036D1019B23F000431B0D1B052BB1059BF9
:108AC0000133059308F10108012307930E9B002B46
:108AD0002AD1012030E0149BC3F1360395E7079BB0
:108AE00009F1FF37BB42BFBF079B0797FA1A0E9BDE
:108AF000BBBF9B180E93DF1B0027B9F1000FB5BF5A
:108B0000059B059DA3EB09054B46B8BF00237EE7F7
:108B1000079F059D0A9E83E7079AABE70023D4E7EA
:108B2000009BD2E7002307933B6907EB8303186997
:108B300000F03CFAC0F12000404410F01F0047D084
:108B4000C0F12003042B3BDD059BC0F11C00034456
:108B5000059305448044059B002B05DD1A460499C6
:108B6000204600F05FFB0490B8F1000F05DD3946A8
:108B70004246204600F056FB07460F9B53B339464A
:108B8000049800F0A3FB002824DA00230A220499A9
:108B9000204600F0D0F90A9B04900AF1FF3A002B1E
:108BA00000F04D81002331460A22204600F0C3F92F
:108BB000029B002B06464FDC069B022B4CDD11E08E
:108BC000C9D0059A1C331A4405921D449844C2E743
:108BD0000346F6E7B9F1000F38DC069B022B35DDC2
:108BE000CDF80890029B63B939460522204600F073
:108BF000A2F901460746049800F068FB00283FF7F9
:108C0000CCAD0B9B5D466FEA030A4FF00009394675
:108C1000204600F079F9002E3FF4B7AEB9F1000F0D
:108C200005D0B14503D04946204600F06DF93146E4
:108C3000204600F069F9A8E600273E46E1E7DDF8A6
:108C400020A03E46A9E500BF000024400A9BCDF8C5
:108C50000890002B00F0FA80002D05DD31462A46F1
:108C6000204600F0DFFA0646079B002B4CD07168C7
:108C7000204600F015F9326902320546920006F1ED
:108C80000C010C30FEF754FE01222946204600F06C
:108C9000C9FA009BCDF814B003F00103B146079365
:108CA000064639460498FFF7A6FA4946054600F1FC
:108CB0003008049800F00AFB3246009039462046FE
:108CC00000F01EFBC368024603BB014608900498EF
:108CD00000F0FCFA089A034611462046089300F07B
:108CE00013F9089BA3B9069A92B9079A82B9B8F109
:108CF000390F29D0009B002B01DD05F13108059BC0
:108D00005D1C83F8008082E73046C2E70123E3E779
:108D1000009A002A04DB25D1069A1ABB079A0ABBDF
:108D2000002BECDD01220499204600F07BFA394645
:108D3000049000F0CBFA002803DCE0D118F0010F1A
:108D4000DDD0B8F1390FD8D1059B059A5D1C3923C8
:108D5000137015F8013C392B05F1FF324FD0013368
:108D6000137054E7059A002B02F1010506DDB8F1F6
:108D7000390FE9D008F10108059BC2E7029A05F80E
:108D8000018CA5EB0B03934221D000230A22049906
:108D9000204600F0D0F8B14504904FF000034FF0AA
:108DA0000A024946204605D100F0C5F8814606462C
:108DB000059576E700F0BFF83146814600230A2288
:108DC000204600F0B8F80646F2E74FF0000901220D
:108DD0000499204600F026FA3946049000F076FA0D
:108DE0000028B6DC02D118F0010FB2D115F8013C11
:108DF000302B05F1FF327FF40AAF1546F6E79345B5
:108E000005D131230AF1010A8BF80030FFE615463F
:108E10009FE7DFF864B007E0219BDFF860B01BB18B
:108E20000BF10803219A1360584617B0BDE8F08F84
:108E3000069B012B7FF735AE0E9B079349E6029BFD
:108E4000002B03DC069B022B3FF7CCAE5D46394678
:108E50000498FFF7D0F900F1300805F8018B029A69
:108E6000A5EB0B039A42B0DD00230A2204992046A9
:108E700000F061F80490EAE7CE9B0300D19C030068
:108E8000044B1B68186A044B002808BF1846F030D2
:108E9000704700BF34610020986100207047704720
:108EA00070B5456A04460E463DB91020FAF79CF8A5
:108EB0006062C0E901550560C560656AEB6883B111
:108EC000636ADB6853F82600B8B9012101FA06F598
:108ED0006A1D92002046FEF757FD60B1C0E90165AA
:108EE0000EE0212204212046FEF74EFD636AE86071
:108EF000DB68002BE4D1002070BD026843F8262017
:108F00000023C0E90333F7E770B5446A06460D460F
:108F10003CB91020FAF768F87062C0E901440460B7
:108F2000C4603DB1736A6A68DB6853F82210296037
:108F300043F8225070BD2DE9F0410D691F460646E9
:108F40000C4601F1140C0023DCF8000081B202FB96
:108F500001710F0C000C02FB007089B2013301EBB0
:108F600000419D424FEA10474CF8041BECDCD7B19E
:108F7000A368AB4212DC616830460131FFF790FF15
:108F80002269023204F10C01804692000C30FEF797
:108F9000CFFC21463046FFF7B7FF444604EB85037C
:108FA00001355F6125612046BDE8F081020C1204A5
:108FB0000346B2B90304102013F07F4F04BF1B0215
:108FC000083013F0704F04BF1B01043013F0404F02
:108FD00004BF9B000230002B06DB5B0003D5013091
:108FE00070470020E8E720207047036813F007026D
:108FF00001460BD0DA0723D4980749BF5B089B08CA
:1090000001200B605CBF0B600220704798B2A8B9CA
:109010001B0C102013F0FF0F04BF1B0A08301A07A7
:1090200004BF1B0904309A0704BF9B080230DA070B
:1090300002D45B0806D001300B6070471046E9E7A8
:10904000002070472020704710B50C460121FFF723
:1090500027FF01224461026110BD2DE9F74F14463C
:109060000A6923699A42B8BF0B468846BCBFA0462E
:109070001C46D8F81070D4F81090D8F80830D8F8FA
:10908000041007EB0906B342B8BF0131FFF708FF30
:1090900000F1140505EB860E2B460022734516D30E
:1090A00004F1140208F1140102EB890301EB8707B4
:1090B0000093009B019293420CD8002E03DD5EF8D2
:1090C000043D002B5DD0066103B0BDE8F08F43F88E
:1090D000042BE3E7B2F800B0BBF1000F23D08946C0
:1090E000AC464FF0000859F8044BDCF800A0A3B2DE
:1090F0001FFA8AFA0BFB03A34FEA144ADCF800407C
:1091000043444FEA14480BFB0A8404EB1344E24641
:109110009BB243EA04434F454FEA14484AF8043BE4
:109120002BD8CCF80480019BB3F802A00432BAF12A
:10913000000F20D02B688946A8464FF0000BB9F8E5
:1091400000C0B8F802400AFB0C445C44C4469BB221
:1091500043EA04434CF8043B59F8043BB8F804B024
:109160001B0C0AFB03B303EB14434F454FEA134BAD
:1091700005D8C8F8043004359BE7D446B3E7E04689
:10918000DDE7013E99E700002DE9F843154612F0AE
:10919000030206460F4607D0013A214C002354F83B
:1091A0002220FFF7C8FE0746AD1035D0746A3CB9DF
:1091B0001020F9F719FF7062C0E901440460C4602F
:1091C000D6F82480D8F808404CB940F271213046D6
:1091D000FFF73AFF0023C8F80800044603604FF089
:1091E0000008EB070AD5394622463046FFF735FF1F
:1091F000394681463046FFF787FE4F466D100BD04B
:10920000206838B9224621463046FFF726FF206005
:10921000C0F800800446E4E73846BDE8F88300BFA4
:10922000309E03002DE9F0470C464FEA621A23698D
:1092300049680AEB0309A3680746164609F10105C8
:10924000AB4232DB3846FFF72BFE0023804600F1AD
:1092500014011A4653452BDB20692AEAEA7A04F105
:10926000140316F01F0201EB8A0103EB800C25D0DA
:10927000C2F1200E00201E688A46964030434AF80C
:10928000040B53F8040B9C4520FA0EF014D84860E8
:1092900008B109F10205013D3846C8F810502146D1
:1092A000FFF732FE4046BDE8F08701315B00C7E7BB
:1092B00041F823200133CDE75146DCE7043953F868
:1092C000042B41F8042F9C45F9D8E4E703690A69A7
:1092D0009B1A30B50CD1920014301431841811440B
:1092E00054F8045D51F8042D954203D005D30123B1
:1092F000184630BDA042F3D3FAE74FF0FF33F7E74B
:109300002DE9F0470D460746114628461446FFF75B
:10931000DDFF061E08D131463846FFF7C1FD0123A7
:10932000C0E90436BDE8F087A4BF23462C46384682
:109330006168A6BF1D4600260126FFF7B1FD2B6917
:10934000C660266905F1140904F1140202EB8607D0
:1093500009EB830800F114054FF0000E52F804AB3E
:1093600059F8044B1EFA8AF1A3B2C91A230CC3EBB5
:109370001A4303EB214389B24FEA234EC84541EA21
:109380000343944645F8043BE8D8BC4504D355F85C
:10939000043D83B10661C5E75CF8041B1EFA81F346
:1093A0001A1402EB11429BB243EA02434FEA224EE7
:1093B00045F8043BE9E7013EE9E72DE9F7430E46AE
:1093C000012159EC108B1546FFF76AFDC9F30A54C9
:1093D0000746C9F3130334BB0193B8F1000327D048
:1093E00002A840F8083DFFF700FE0099F0B1019A8D
:1093F000C0F1200302FA03F30B43C2407B610192E8
:10940000019BBB61002B14BF022101213961C4B152
:10941000A4F2334404443460C0F135002860384677
:1094200003B0BDE8F08343F48013D5E77961E7E743
:1094300001A8FFF7DAFD019B7B6101213961203032
:10944000E5E707EB8103A0F2324030601869FFF7CF
:10945000ADFDC0EB4110E1E74FEA410C7FEA6C5CE7
:1094600002D150EA013C0AD14FEA430C7FEA6C5C1E
:1094700002D152EA033C02D14FF0000070474FF096
:10948000010070474FEA410212F5001215D211D5C2
:109490006FF47873B3EB625212D94FEAC12343F0F1
:1094A000004343EA505311F0004F23FA02F018BF73
:1094B000404270474FF00000704750EA013005D13C
:1094C00011F0004008BF6FF0004070474FF00000FF
:1094D000704700BFFEE700BFF8B500BFF8BC08BC8E
:1094E0009E467047F8B500BFF8BC08BC9E46704762
:1094F00054696E795553422053657269616C00005E
:1095000000000000000000003165020089630200D5
:10951000796302006D630200F16202003D630200A4
:1095200011630200D1630200F0FFFFFF00000000A2
:109530002965020012010002000000409A232980E0
:10954000000101020301000009020900000100A05E
:109550003200000030313233343536373839414249
:1095600043444546416461667275697400000000B9
:1095700046656174686572206E5246353238343003
:109580002045787072657373000000004D6173733D
:109590002053746F7261676500000000312E300047
:1095A0007573626400000000050F39000218100591
:1095B0000038B60834A909A0478BFDA0768815B6F7
:1095C00065000101011C100500DF60DDD88945C779
:1095D0004C9CD2659D9E648A9F00000306B20002E7
:1095E0000001030000000000F16F02008170020022
:1095F000AD700200F570020001720200D572020027
:1096000000000000000000004D7D0200000000008E
:109610005D7D02006D7D0200057E0200557F020027
:1096200000000000000000008D740200A57402001C
:10963000A9740200C174020089750200B1770200AA
:1096400000000000000000004D8C0200718C020040
:10965000758C0200998C0200C18D020041950200B8
:10966000000000000000000071780200E1780200B4
:109670000D79020035790200697A02006D7A0200E4
:109680000000000000000000258602007D86020028
:1096900099860200BD860200156D0200F587020062
:1096A000000000005F757362645F716465660000AE
:1096B00053544154453A2053414D504C450000000D
:1096C00053544154453A204556414C554154450068
:1096D0004641494C534146453A2054726967676593
:1096E00072696E67204D697374696E672050756D7D
:1096F0007021000053544154453A20545800000052
:109700005458207375636365737321005354415437
:10971000453A20534C454550000000005B535831FA
:109720003236325D20496E697469616C697A696E9E
:1097300067202E2E2E2000007375636365737321DE
:10974000000000006661696C65642C20636F6465CD
:10975000200000000000FFFF00008000000000006B
:10976000080008000000000000000000E8030000FE
:10977000FFFFFFFFFFFFFFFFFFFFFFFFFFFFFFFFF9
:10978000FFFFFFFF53583132363100000000000068
:1097900000000000A9E70200D1E50200D5E60200C2
:1097A000A112030025F80200D5F8020071FC0200A6
:1097B00089F9020015E70200B5F0020041E6020057
:1097C00019E3020051E0020001EA020001E902008F
:1097D00055ED020011EF020099EC0200D1DF02000A
:1097E000A9DF02000DEE020075EB02001904030070
:1097F00059E3020055E40200ED120300F1EA020011
:10980000CDE40200A9E20200C9E20200A9E60200DA
:1098100065F5020041F0020051F3020031F202004E
:1098200011E60200B1E402001113030011E6020088
:10983000B1E5020011E60200B1E5020011E6020006
:10984000B1E50200D9E202002DE3020000000000B1
:1098500000000000A9E70200D1E50200D5E6020001
:10986000A112030025F80200D5F8020071FC0200E5
:1098700089F9020015E70200B5F0020041E6020096
:1098800019E30200B912030001EA020001E9020033
:1098900055ED020011EF020099EC0200C91203001D
:1098A000D11203000DEE020075EB02001904030053
:1098B00059E3020055E40200ED120300F1EA020050
:1098C000CDE40200A9E20200C9E20200A9E602001A
:1098D00065F5020041F0020051F3020031F202008E
:1098E00011E60200B1E402001113030011E60200C8
:1098F000B1E5020011E60200B1E5020011E6020046
:10990000B1E50200D9E202002DE3020000000000F0
:109910000000000089120300991203001D130300C8
:10992000A112030099120300A9120300911203006F
:10993000891203009912030091120300B11203006F
:1099400099120300B9120300B9120300B9120300FF
:10995000A1120300A1120300C1120300C9120300E7
:10996000D112030091120300B1120300D9120300B7
:10997000D9120300E9120300ED120300ED120300F7
:10998000F5120300F5120300F9120300011303009E
:1099900099120300991203009912030005130300A2
:1099A000091303000D13030011130300091303002F
:1099B000191303000913030019130300091303000B
:1099C00019130300992F030000000000000000009D
:1099D0001115030001150300F1140300E114030045
:1099E000D5140300CD140300F5130300C9140300BC
:1099F000911403007D1403000D1403006D14030083
:109A00001D14030065140300151403004115030021
:109A100021150300511403004514030041140300F1
:109A20000914030000000000000000000000000016
:109A30000338FDD87047000000000000000000005F
:109A4000992F0300992F0300992F0300992F0300EA
:109A5000992F0300992F0300992F0300992F0300DA
:109A6000992F0300992F0300992F0300992F0300CA
:109A7000992F0300992F0300992F0300A9150300C4
:109A8000A9150300AD150300B1150300A9150300C6
:109A9000B5150300005EBCE2613FDD83C29C7E2001
:109AA000A3FD1F41009D23BE46DB65F88C11AF323C
:109AB000CA57E97400000000000000000000000028
:109AC0000338FDD8704700005E00BC00770100003D
:109AD0000000000000000000E52003000D2103004D
:109AE000716A0200C9200300CD200300D5200300C5
:109AF000DD20030019000000180000000A0000002B
:109B00002F0000002A0000002800000007000000CD
:109B100022000000100000001A0000001B000000DE
:109B200006000000080000002900000004000000FA
:109B3000050000001E0000001C00000002000000E4
:109B4000030000001D0000001F0000000C000000CA
:109B50000B0000000F0000000D0000000E000000D0
:109B600013000000140000001100000016000000A7
:109B70001700000015000000090000002E00000082
:109B80000D0A0000546D725100000000546D7220E7
:109B9000537663006C6F6F700000000043616C6C63
:109BA0006261636B00000000000010010C010D01F8
:109BB000386100204300504F534958002E00494E51
:109BC0004600696E66004E414E006E616E003000C8
:109BD000002020202020202020202828282828207D
:109BE0002020202020202020202020202020202075
:109BF00020881010101010101010101010101010DD
:109C000010040404040404040404041010101010CC
:109C10001010414141414141010101010101010196
:109C200001010101010101010101010110101010E8
:109C30001010424242424242020202020202020268
:109C400002020202020202020202020210101010BC
:109C500020000000000000000000000000000000E4
:109C600000000000000000000000000000000000F4
:109C700000000000000000000000000000000000E4
:109C800000000000000000000000000000000000D4
:109C900000000000000000000000000000000000C4
:109CA00000000000000000000000000000000000B4
:109CB00000000000000000000000000000000000A4
:109CC0000000000000000000000000000000000094
:109CD00000496E66696E697479004E614E0000003D
:109CE0000000000000000000000000000000000074
:109CF0000000000000000000000000000000000064
:109D00000000000000000000000000000000000053
:109D10000000000000000000000000000000000043
:109D20000000000000000000000000000000000033
:109D30000000000000000000000000000000000023
:109D40000080E03779C34143176E05B5B5B8934637
:109D5000F5F93FE9034F384D321D30F94877825A03
:109D60003CBF737FDD4F1575000000000000F03F21
:109D700000000000000024400000000000005940E6
:109D80000000000000408F40000000000088C34039
:109D900000000000006AF8400000000080842E41AE
:109DA00000000000D01263410000000084D79741FA
:109DB0000000000065CDCD41000000205FA0024200
:109DC000000000E876483742000000A2941A6D4275
:109DD000000040E59C30A2420000901EC4BCD64268
:109DE00000003426F56B0C430080E03779C3414313
:109DF00000A0D8855734764300C84E676DC1AB4389
:109E0000003D9160E458E143408CB5781DAF1544A6
:109E100050EFE2D6E41A4B4492D54D06CFF0804481
:109E2000F64AE1C7022DB544B49DD9794378EA4496
:109E300005000000190000007D0000000000000087
:089E400010C4FE7F01000000C8
:109E48000A00000000000306B2000800010000003C
:109E5800A800080002000000A000140003005749F1
:109E68004E5553420000000000000000000084002E
:109E7800040007002A0044006500760069006300BA
:109E8800650049006E00740065007200660061009C
:109E98006300650047005500490044007300000056
:109EA80050007B003900370035004600340034008C
:109EB800440039002D0030004400300038002D00E7
:109EC80034003300460044002D00380042003300BF
:109ED80045002D00310032003700430041003800B2
:109EE8004100460046004600390044007D0000005D
:109EF800000000000400000010000C006472002044
:109F0800A49603000000000000000000000000000C
:109F18000000000000000000000000000000000039
:109F28000000000000000000000000000000000029
:109F38000000000000000000000000000000000019
:109F48000000000000000000000000000000000009
:109F580000000000FF000000308500200090D003C2
:109F68000A000000B4840020C8840020DC8400209B
:109F7800F08400203861002000000000009D0300EC
:109F8800209D0300E09C030000000000000000008A
:109F980000000000000000000000000000000000B9
:109FA80000000000000000000000000000000000A9
:109FB8000000000000000000000000000000000099
:109FC8000000000000000000000000000000000089
:109FD8000000000000000000430000000000000036
:109FE8000000000000000000000000000000000069
:109FF8000000000000000000430000000000000016
:10A008000000000000000000000000000000000048
:10A0180000000000000000004300000000000000F5
:10A028000000000000000000000000000000000028
:10A0380000000000000000004300000000000000D5
:10A048000000000000000000000000000000000008
:10A0580000000000000000004300000000000000B5
:10A0680000000000000000000000000000000000E8
:10A078000000000000000000430000000000000095
:10A0880000000000000000000000000000000000C8
:10A098000000000000000000430000000000000075
:10A0A80000000000000000000000000000000000A8
:10A0B8000000000000000000DD8103000D790300AE
:10A0C80000000000D09B0300BC9B0300BD9B030065
:10A0D800BD9B0300BD9B0300BD9B0300BD9B03000C
:10A0E800BD9B0300BD9B0300BD9B0300BD9B0300FC
:10A0F800FFFFFFFFFFFFFFFFFFFFFFFFFFFF000066
:10A1080001004153434949000000000000000000DD
:10A118000000000000000000000000000000000037
:10A1280000004153434949000000000000000000BE
:10A138000000000000000000000000000000000017
:10A14800000000000162020035620200FD650200A5
:10A1580069CC020031CF020071D102007D240300D6
:0CA16800392C0300D566030011620200D0
:04000003300053C1B5
:00000001FF
